review_id,decision,confidence,wallet_score,trade_size,spread,liquidity,ttr_hours,was_good
cmtiala4f00012t2jmyws9u0c,skip,0.000,69.5,7784.73,94.2,100.0,96.2,1
cmtiala8900032t2jr46g9cnl,skip,0.000,69.5,10.34,94.2,100.0,96.3,1
cmtialac400052t2jlx6y23y9,skip,0.000,69.5,21611.26,94.2,100.0,96.2,1
cmtialage00072t2j0vf3j2jk,skip,0.000,69.5,245.91,94.2,100.0,96.2,1
cmtialakn00092t2js8ragym6,skip,0.000,69.5,7.01,94.2,100.0,96.3,1
cmtialaoj000b2t2j0wvicou5,skip,0.000,69.5,228.72,94.2,100.0,96.2,1
cmtialav9000d2t2j8mzxgh39,skip,0.000,69.5,163.36,94.2,100.0,96.2,1
cmtialaz5000f2t2jkgarq9e4,skip,0.000,71.9,8.26,94.2,100.0,11.3,0
cmtialb2w000h2t2jg3bpd47a,skip,0.000,71.9,78.71,94.2,100.0,11.3,0
cmtialb6q000j2t2jy78nt1qs,skip,0.000,71.9,12.40,94.2,100.0,11.3,0
cmtialbag000l2t2jaicrg001,skip,0.000,71.9,4.13,94.2,100.0,11.3,0
cmtialbh3000n2t2j19dun35i,skip,0.000,71.9,78.71,94.2,100.0,11.3,0
cmtialbkt000p2t2jjp1olj3e,skip,0.000,71.9,4.96,94.2,100.0,11.3,0
cmtialboh000r2t2j1nq7hgoq,skip,0.000,71.9,3.12,94.2,100.0,11.3,0
cmtialbs9000t2t2jf8y5mfg2,skip,0.000,71.9,9.50,94.2,100.0,11.3,0
cmtialbw4000v2t2jcuhvti6x,skip,0.000,71.9,82.65,94.2,100.0,11.3,0
cmtialbzu000x2t2jup78za7w,skip,0.000,71.9,4525.00,94.2,100.0,11.3,0
cmtialc41000z2t2jvsxqxr7i,skip,0.000,71.9,0.02,94.2,100.0,11.3,0
cmtialc8b00112t2jvsnnz5va,skip,0.000,71.9,45.46,94.2,100.0,11.3,0
cmtialcby00132t2j9ojysmko,skip,0.000,71.9,8.26,94.2,100.0,11.3,0
cmtialcfq00152t2jj3cbpzsb,skip,0.000,71.9,8.70,94.2,100.0,11.3,0
cmtialcjg00172t2jgq9zxw3h,skip,0.000,71.9,2.77,94.2,100.0,11.3,0
cmtialcnj00192t2j1w9rbxty,skip,0.000,71.9,15776.96,94.2,100.0,11.3,0
cmtialcr9001b2t2j887n4ofa,skip,0.000,71.9,8585.08,94.2,100.0,11.3,0
cmtialcv0001d2t2jkokk5q6r,skip,0.000,71.9,1.65,94.2,100.0,11.3,0
cmtialcyo001f2t2jqg3cw0jo,skip,0.000,71.9,33.27,94.2,100.0,11.3,0
cmtiald2b001h2t2jwn4tphlj,skip,0.000,71.9,81.15,94.2,100.0,11.3,0
cmtiald64001j2t2jnrr5cyrd,skip,0.000,71.9,11.28,94.2,100.0,11.3,0
cmtiald9y001l2t2jhss6b9ay,skip,0.000,71.9,4.35,94.2,100.0,11.3,0
cmtialddo001n2t2jormwxfqg,skip,0.000,71.9,39.35,94.2,100.0,11.3,0
cmtialdi0001p2t2j3xin3gxy,skip,0.000,71.9,8.26,94.2,100.0,11.3,0
cmtialdlv001r2t2jcxcaw2qz,skip,0.000,71.9,0.99,94.2,100.0,11.3,0
cmtialdpl001t2t2jrwvtd08d,skip,0.000,71.9,8.87,94.2,100.0,11.3,0
cmtialdtd001v2t2j766qk7vh,skip,0.000,71.9,0.83,94.2,100.0,11.3,0
cmtialdx6001x2t2jtuphipqs,skip,0.000,71.9,18205.43,94.2,100.0,11.3,0
cmtiale0t001z2t2jinjsq21u,skip,0.000,71.9,25.86,94.2,100.0,11.3,0
cmtiale4u00212t2ja3ohp6dq,skip,0.000,71.9,3.38,94.2,100.0,11.3,0
cmtiale8j00232t2jed6kvqvg,skip,0.000,71.9,135.75,94.2,100.0,11.3,0
cmtialec800252t2jumxygkuc,skip,0.000,71.9,13.86,94.2,100.0,11.3,0
cmtialefy00272t2j49kog675,skip,0.000,71.9,114.34,94.2,100.0,11.3,0
cmtialejq00292t2jeppu1s74,skip,0.000,71.9,64.58,94.2,100.0,11.3,0
cmtialeni002b2t2jfk6qhv2k,skip,0.000,71.9,24.79,94.2,100.0,11.3,0
cmtialera002d2t2j1b8yoib2,skip,0.000,71.9,0.89,94.2,100.0,11.3,0
cmtialev2002f2t2jwqmcotxn,skip,0.000,71.9,0.91,94.2,100.0,11.3,0
cmtialeys002h2t2jushz24os,skip,0.000,71.9,0.91,94.2,100.0,11.3,0
cmtialf2j002j2t2jaiyjwokh,skip,0.000,71.9,0.91,94.2,100.0,11.3,0
cmtialf6j002l2t2jfo58f6xb,skip,0.000,71.9,0.91,94.2,100.0,11.3,0
cmtialfa8002n2t2jy8lzw5ge,skip,0.000,71.9,1604.51,94.2,100.0,11.3,0
cmtialfdu002p2t2jwebvhsib,skip,0.000,71.9,0.91,94.2,100.0,11.3,0
cmtialfhl002r2t2jt1o1cv87,skip,0.000,71.9,23.09,94.2,100.0,11.3,0
cmtialflc002t2t2jsjyd2ifj,skip,0.000,71.9,0.91,94.2,100.0,11.3,0
cmtialfp7002v2t2jievrr3mx,skip,0.000,71.9,49.59,94.2,100.0,11.3,0
cmtialft1002x2t2jaj4da7xi,skip,0.000,71.9,13429.16,94.2,100.0,11.3,0
cmtialfy0002z2t2jt6fi4kky,skip,0.000,69.5,48.75,76.7,100.0,15.0,0
cmtialg2l00312t2joquwi7wa,skip,0.000,69.5,6.39,76.7,100.0,15.0,0
cmtialg6c00332t2jiwzvr0k6,skip,0.000,69.5,6.28,76.7,100.0,15.0,0
cmtialga300352t2jpe00edqr,skip,0.000,69.5,1918.03,76.7,100.0,15.0,0
cmtialgdv00372t2jtp7h2scr,skip,0.000,69.5,389.98,76.7,100.0,15.0,0
cmtialghz00392t2jiqhfucmx,skip,0.000,69.5,1.92,76.7,100.0,15.0,0
cmtialglq003b2t2j4hki1ri0,skip,0.000,69.5,16.50,76.7,100.0,15.0,0
cmtialgpw003d2t2jkhftnsle,skip,0.000,69.5,780.00,76.7,100.0,15.0,0
cmtialgtj003f2t2j1dv9gqzj,skip,0.000,69.5,4321.26,76.7,100.0,15.0,0
cmtialh3j003h2t2jru9qxke4,skip,0.000,71.9,27875.00,94.2,100.0,0.0,1
cmtialh8t003j2t2jz1hn3bo7,skip,0.000,69.5,12.67,94.2,100.0,31.2,0
cmtialhcl003l2t2j2mjxc4oa,skip,0.000,69.5,15.40,94.2,100.0,31.2,0
cmtialhgb003n2t2jmzgdg9s4,skip,0.000,69.5,115.49,94.2,100.0,31.2,0
cmtialhk5003p2t2jq6r6v47a,skip,0.000,69.5,245.06,94.2,100.0,31.3,0
cmtialhny003r2t2jcoylhzl7,skip,0.000,69.5,15.40,94.2,100.0,31.2,0
cmtialhsc003t2t2j26316a0a,skip,0.000,69.5,3.69,94.2,100.0,31.2,0
cmtialhwj003v2t2jx49voumw,skip,0.000,69.5,3.85,94.2,100.0,31.2,0
cmtiali0c003x2t2jdvodgzmg,skip,0.000,69.5,13.61,0.0,0.0,13.7,0
cmtiali45003z2t2jwkl82xvk,skip,0.000,69.5,17.71,0.0,0.0,13.7,0
cmtiali7z00412t2jdfvrys44,skip,0.000,69.5,7.70,0.0,0.0,13.7,0
cmtialicn00432t2jrl2qljep,skip,0.000,69.5,76.99,0.0,0.0,13.7,0
cmtialige00452t2j7ksodcld,skip,0.000,69.5,4.35,0.0,0.0,13.8,0
cmtialikf00472t2jf3hnj3sx,skip,0.000,69.5,7.70,0.0,0.0,13.7,0
cmtialio800492t2ja0pfcgna,skip,0.000,69.5,7.70,0.0,0.0,13.7,0
cmtialisf004b2t2jemd2lyaa,skip,0.000,69.5,180.84,0.0,0.0,13.7,0
cmtialiw4004d2t2jcujiowzs,skip,0.000,69.5,15398.23,0.0,0.0,13.8,0
cmtialj07004f2t2jsb74vx9o,skip,0.000,69.5,1539.82,94.2,100.0,31.2,0
cmtialj3s004h2t2jjnchv3jt,skip,0.000,69.5,30.80,94.2,100.0,31.2,0
cmtialj7i004j2t2jjbdkkj1l,skip,0.000,69.5,44.58,94.2,100.0,31.2,0
cmtialjbk004l2t2jnem56tf9,skip,0.000,69.5,221.57,94.2,100.0,31.3,0
cmtialjf6004n2t2j4o11c47g,skip,0.000,69.5,7.70,94.2,100.0,31.2,0
cmtialjj4004p2t2jhm72wn8p,skip,0.000,69.5,13.32,94.2,100.0,31.2,0
cmtialjmq004r2t2jd03bbu23,skip,0.000,69.5,1249.98,94.2,100.0,31.2,0
cmtialjqe004t2t2j6prh9j1y,skip,0.000,69.5,100.10,94.2,100.0,31.2,0
cmtialju6004v2t2j6zcz0z0c,skip,0.000,69.5,0.66,94.2,100.0,31.3,0
cmtialjxx004x2t2j6eb6zvep,skip,0.000,69.5,57.74,94.2,100.0,31.2,0
cmtialk1m004z2t2jd6rfodme,skip,0.000,69.5,348.00,94.2,100.0,31.3,0
cmtialk5a00512t2jjj4d5dxb,skip,0.000,69.5,30.80,94.2,100.0,31.2,0
cmtialk8y00532t2jvvqqlzvs,skip,0.000,69.5,27.62,94.2,100.0,31.2,0
cmtialkct00552t2j64i6zhcn,skip,0.000,69.5,76.99,94.2,100.0,31.2,0
cmtialkgk00572t2j4cdz1aqh,skip,0.000,69.5,26.95,94.2,100.0,31.2,0
cmtialkk500592t2j0if6c9qp,skip,0.000,69.5,115.39,94.2,100.0,31.2,0
cmtialknv005b2t2j6mg6qk7b,skip,0.000,69.5,7.70,94.2,100.0,31.2,0
cmtialkrj005d2t2jp8n0rhdt,skip,0.000,69.5,3.19,94.2,100.0,31.2,0
cmtialkva005f2t2jveao6lgp,skip,0.000,69.5,38.50,94.2,100.0,31.2,0
cmtialkzd005h2t2jp5bztng6,skip,0.000,69.5,15.40,94.2,100.0,31.2,0
cmtiall3i005j2t2j5rimsf3y,skip,0.000,69.5,3.08,94.2,100.0,31.2,0
cmtialld5005l2t2jvma2yewm,skip,0.000,87.3,29.16,96.5,100.0,0.0,1
cmtiallgv005n2t2jkvzv7121,skip,0.000,87.3,4.59,96.5,100.0,0.0,1
cmtiallkw005p2t2jp7iza4xo,skip,0.000,87.3,205.24,96.5,100.0,0.0,1
cmtiallol005r2t2jqexldsvq,skip,0.000,87.3,76.58,96.5,100.0,0.0,1
cmtiallsf005t2t2jz4k5of4w,skip,0.000,87.3,2265.27,96.5,100.0,0.0,1
cmtialm1j005v2t2jlg2dvyqz,skip,0.000,87.3,14.35,96.5,100.0,0.0,1
cmtialm5h005x2t2jrouq7odz,skip,0.000,87.3,31.45,96.5,100.0,0.0,1
cmtialm9q005z2t2jgh5yd2xx,skip,0.000,87.3,178.15,96.5,100.0,0.0,1
cmtialmdh00612t2jv303vvoz,skip,0.000,87.3,321.25,96.5,100.0,0.0,1
cmtialmhb00632t2jerhvju21,skip,0.000,87.3,22.92,96.5,100.0,0.0,1
cmtialml200652t2jpt05liun,skip,0.000,87.3,44.94,96.5,100.0,0.0,1
cmtialmox00672t2j414ozwn8,skip,0.000,87.3,18.71,96.5,100.0,0.0,1
cmtialmsm00692t2jwac0vfum,skip,0.000,87.3,72.92,96.5,100.0,0.0,1
cmtialmwa006b2t2j8biimmxi,skip,0.000,87.3,4.59,96.5,100.0,0.0,1
cmtialn03006d2t2jd8uf4ons,skip,0.000,87.3,4.81,96.5,100.0,0.0,1
cmtialn3x006f2t2j3v0477mi,skip,0.000,87.3,793.76,96.5,100.0,0.0,1
cmtialn8j006h2t2jelv2nszu,skip,0.000,87.3,0.48,96.5,100.0,0.0,1
cmtialnca006j2t2jz5cazrbx,skip,0.000,87.3,7.66,96.5,100.0,0.0,1
cmtialng0006l2t2jvjzre5r9,skip,0.000,87.3,17.28,96.5,100.0,0.0,1
cmtialnjp006n2t2jni9h0ybp,skip,0.000,87.3,1531.65,96.5,100.0,0.0,1
cmtialno5006p2t2j627l89wp,skip,0.000,87.3,3121.80,96.5,100.0,0.0,1
cmtialnu0006r2t2jk1941cu1,skip,0.000,87.3,17.30,96.5,100.0,0.0,1
cmtialnya006t2t2jm086wgsr,skip,0.000,87.3,240.74,96.5,100.0,0.0,1
cmtialo22006v2t2jmg8ivvym,skip,0.000,87.3,169.65,96.5,100.0,0.0,1
cmtialo5s006x2t2j3eikn51b,skip,0.000,87.3,4.58,96.5,100.0,0.0,1
cmtialo9h006z2t2jivi69r41,skip,0.000,87.3,28.89,96.5,100.0,0.0,1
cmtialods00712t2jadwujy8j,skip,0.000,87.3,579.15,96.5,100.0,0.0,1
cmtialohj00732t2jknnfwhuk,skip,0.000,87.3,65.00,96.5,100.0,0.0,1
cmtialol800752t2jbs6qjgo3,skip,0.000,87.3,48.15,96.5,100.0,0.0,1
cmtialopa00772t2j9p8utkzq,skip,0.000,87.3,11.53,96.5,100.0,0.0,1
cmtialot100792t2j3tr59fne,skip,0.000,87.3,2.41,0.0,0.0,0.0,1
cmtialowq007b2t2jjwx7aiuc,skip,0.000,87.3,6.89,0.0,0.0,0.0,1
cmtialp0d007d2t2jptrirfg9,skip,0.000,87.3,5.04,0.0,0.0,0.0,1
cmtialp40007f2t2jitxk4dks,skip,0.000,87.3,2.29,96.5,100.0,0.0,1
cmtialp7p007h2t2jinn8bhii,skip,0.000,87.3,16.72,96.5,100.0,0.0,1
cmtialpba007j2t2j5sk5h0dm,skip,0.000,87.3,2.41,96.5,100.0,0.0,1
cmtialpez007l2t2jx4bzy0lo,skip,0.000,87.3,2.41,96.5,100.0,0.0,1
cmtialpim007n2t2jji8eunc2,skip,0.000,87.3,2.51,96.5,100.0,0.0,1
cmtialpmc007p2t2jjrvuhd4c,skip,0.000,87.3,0.75,96.5,100.0,0.0,1
cmtialpq1007r2t2jhflt2w2y,skip,0.000,87.3,2.32,96.5,100.0,0.0,1
cmtialptv007t2t2jy09ajwu9,skip,0.000,87.3,4.81,96.5,100.0,0.0,1
cmtialpxk007v2t2j7xerls8e,skip,0.000,87.3,298.52,96.5,100.0,0.0,1
cmtialq18007x2t2jd34z059a,skip,0.000,87.3,2.89,96.5,100.0,0.0,1
cmtialq4x007z2t2jp2yw79iw,skip,0.000,87.3,84.83,96.5,100.0,0.0,1
cmtialq8o00812t2jaql6z5xu,skip,0.000,87.3,186.55,96.5,100.0,0.0,1
cmtialqcd00832t2j2r3zamea,skip,0.000,87.3,481.48,96.5,100.0,0.0,1
cmtialqgj00852t2j6or9817j,skip,0.000,87.3,3.37,96.5,100.0,0.0,1
cmtialqk700872t2jbviqclw3,skip,0.000,87.3,1585.67,96.5,100.0,0.0,1
cmtialqnu00892t2j2nmvddlm,skip,0.000,87.3,48.15,96.5,100.0,0.0,1
cmtialqrj008b2t2jgkjwaol3,skip,0.000,87.3,2.29,96.5,100.0,0.0,1
cmtialqv8008d2t2jhq94nrd5,skip,0.000,87.3,0.48,96.5,100.0,0.0,1
cmtialqyz008f2t2j68z2v9m8,skip,0.000,87.3,168.52,96.5,100.0,0.0,1
cmtialr2p008h2t2j5t89k5n6,skip,0.000,87.3,48.15,96.5,100.0,0.0,1
cmtialr6d008j2t2jmdv6iqzs,skip,0.000,87.3,132.41,96.5,100.0,0.0,1
cmtialra2008l2t2j7915z9yr,skip,0.000,87.3,2.41,96.5,100.0,0.0,1
cmtialrdu008n2t2jsvx6kjd6,skip,0.000,87.3,45.85,96.5,100.0,0.0,1
cmtialrhj008p2t2jm7mw8ri0,skip,0.000,87.3,9.63,96.5,100.0,0.0,1
cmtialrlh008r2t2johspl7n4,skip,0.000,87.3,48.15,96.5,100.0,0.0,1
cmtialrp7008t2t2jeya708ah,skip,0.000,87.3,91.71,96.5,100.0,0.0,1
cmtialrt3008v2t2jlt4mdaf7,skip,0.000,87.3,4.58,96.5,100.0,0.0,1
cmtialrwu008x2t2j6otal5em,skip,0.000,87.3,39.00,96.5,100.0,0.0,1
cmtials2f008z2t2j7qym1m2y,skip,0.000,69.5,10.75,0.0,0.0,96.3,1
cmtials6q00912t2jyl93cr76,skip,0.000,69.5,34.13,0.0,0.0,96.2,1
cmtialsam00932t2jc8rcf4o1,skip,0.000,69.5,5.32,0.0,0.0,96.2,1
cmtialses00952t2jgd3tlija,skip,0.000,69.5,208.16,0.0,0.0,96.2,1
cmtialsja00972t2jqkl4ink2,skip,0.000,69.5,53.74,0.0,0.0,96.3,1
cmtialsn800992t2jku60f8rn,skip,0.000,69.5,818.89,0.0,0.0,96.3,1
cmtialsqx009b2t2j94ih7lrn,skip,0.000,69.5,42.99,0.0,0.0,96.3,1
cmtialsv2009d2t2ja44ogslj,skip,0.000,69.5,8.25,0.0,0.0,96.3,1
cmtialsys009f2t2jekdi1f9l,skip,0.000,87.3,0.48,0.0,0.0,0.0,1
cmtialt2h009h2t2jscwraupf,skip,0.000,69.5,32.24,0.0,0.0,96.3,1
cmtialt6c009j2t2jfths7olz,skip,0.000,69.5,13.44,0.0,0.0,96.3,1
cmtialtan009l2t2jhp6uy1kr,skip,0.000,87.3,0.48,0.0,0.0,0.0,1
cmtialtep009n2t2jav8bvxxp,skip,0.000,69.5,4.30,0.0,0.0,96.3,1
cmtialtik009p2t2jbyrwosjd,skip,0.000,69.5,4.30,0.0,0.0,96.3,1
cmtialtm6009r2t2jjynmzlfc,skip,0.000,69.5,8.17,0.0,0.0,96.3,1
cmtialtq3009t2t2j3fsrunph,skip,0.000,69.5,102.34,0.0,0.0,96.3,1
cmtialtua009v2t2j39aehy9r,skip,0.000,69.5,42.99,0.0,0.0,96.3,1
cmtialtye009x2t2j5x6fufml,skip,0.000,69.5,128.98,0.0,0.0,96.3,1
cmtialu29009z2t2jfcssh801,skip,0.000,87.3,3.09,0.0,0.0,0.0,1
cmtialu5y00a12t2jvj8bov1m,skip,0.000,69.5,64.49,0.0,0.0,96.3,1
cmtialu9l00a32t2jpd7wegbo,skip,0.000,69.5,98.49,0.0,0.0,96.3,1
cmtialudh00a52t2j9qr9nhug,skip,0.000,69.5,8.19,0.0,0.0,96.2,1
cmtialuh700a72t2jw0ttxsxc,skip,0.000,87.3,27.38,0.0,0.0,0.0,1
cmtialul500a92t2j2goo8efa,skip,0.000,69.5,64.49,0.0,0.0,96.3,1
cmtialupv00ab2t2j8n28w9tl,skip,0.000,69.5,720.12,0.0,0.0,96.3,1
cmtialutj00ad2t2jddupljlx,skip,0.000,87.3,24.07,0.0,0.0,0.0,1
cmtialux800af2t2jvraqvjgj,skip,0.000,69.5,1004.64,96.5,100.0,96.2,1
cmtialv1b00ah2t2jtj3f3juc,skip,0.000,69.5,74.39,96.5,100.0,96.2,1
cmtialv5200aj2t2jxta7f1rk,skip,0.000,69.5,4.09,96.5,100.0,96.2,1
cmtialv8s00al2t2jsy6xbt1a,skip,0.000,69.5,4.09,96.5,100.0,96.2,1
cmtialvci00an2t2jxg0rxxpk,skip,0.000,87.3,13.97,96.5,100.0,0.0,1
cmtialvg700ap2t2j3kaqajev,skip,0.000,69.5,21.50,96.5,100.0,96.3,1
cmtialvk600ar2t2jckfmvvmc,skip,0.000,87.3,24.07,96.5,100.0,0.0,1
cmtialvnu00at2t2jspiwb7bd,skip,0.000,69.5,114.55,96.5,100.0,96.3,1
cmtialvrn00av2t2j8pr0eags,skip,0.000,69.5,72.27,96.5,100.0,96.3,1
cmtialvvm00ax2t2jf9yotkhc,skip,0.000,69.5,10.23,96.5,100.0,96.3,1
cmtialvzj00az2t2j3usr1rlc,skip,0.000,69.5,32.24,96.5,100.0,96.3,1
cmtialw3t00b12t2jn22d4la0,skip,0.000,69.5,32.24,96.5,100.0,96.3,1
cmtialw7j00b32t2j25el00dt,skip,0.000,69.5,58.21,96.5,100.0,96.3,1
cmtiamo3n0001rsw522dhlsa1,paper_copy,0.640,79.8,6.03,93.0,100.0,97.3,1
cmtiamodj0003rsw5bln7jxwe,paper_copy,0.520,69.0,15.48,86.0,100.0,92.0,1
cmtiamonu0005rsw5v12v8aut,paper_copy,0.500,69.0,19.62,97.9,100.0,99.2,0
cmtiamoy20007rsw52ftpplbd,paper_copy,0.480,69.0,19.73,89.5,100.0,96.0,1
cmtiamp8e0009rsw5ovtl8k2f,paper_copy,0.500,69.0,19.79,97.9,100.0,99.2,1
cmtiampir000brsw52o6305x3,paper_copy,0.500,69.0,19.05,93.0,100.0,97.3,1
cmtiampt7000drsw5n0y0gott,paper_copy,0.520,69.0,15.58,86.0,100.0,94.7,1
cmtiamq3h000frsw52q6xizhs,paper_copy,0.500,69.0,19.58,95.8,100.0,98.4,1
cmtiamqda000hrsw5arnqsro0,paper_copy,0.480,69.0,19.81,89.5,100.0,96.0,1
cmtiamqn3000jrsw5eu41c35w,paper_copy,0.500,69.0,19.62,96.5,100.0,98.7,1
cmtiamqwz000lrsw5tw2pt3oj,paper_copy,0.560,69.0,12.40,86.0,100.0,94.7,1
cmtiamr6y000nrsw5agqkqjlh,paper_copy,0.610,80.1,25.57,93.0,100.0,97.3,0
cmtiamrb4000prsw5u0gyhytk,paper_copy,0.640,79.8,1.63,93.0,100.0,97.3,1
cmtiamrfd000rrsw58p81ml39,paper_copy,0.640,79.8,4.49,93.0,100.0,97.3,1
cmtiamrjj000trsw526l178ip,paper_copy,0.640,79.8,1.22,93.0,100.0,97.3,1
cmtiams0h000vrsw5w9lwn86m,paper_copy,0.590,69.0,8.99,96.5,100.0,96.0,1
cmtiams8v000xrsw5rp8thv0f,paper_copy,0.510,69.0,14.97,98.6,100.0,99.5,1
cmtiamsjk000zrsw5xm2iw77z,paper_copy,0.500,69.0,14.53,97.2,100.0,94.7,1
cmtiamstr0011rsw5l3dbmn7w,paper_copy,0.500,69.0,14.66,97.2,100.0,97.3,1
cmtiamt4d0013rsw5ia4ua72u,paper_copy,0.520,69.0,13.86,98.6,100.0,96.3,1
cmtiamtfe0015rsw58ty5kcxn,paper_copy,0.570,69.0,11.00,99.3,100.0,98.1,1
cmtiamtl80017rsw5athcu84e,paper_copy,0.540,69.0,12.02,99.3,100.0,93.9,0
cmtiamtps0019rsw53swxbndi,paper_copy,0.570,69.0,4.08,99.3,100.0,98.1,1
cmtiamtts001brsw5esp04cq3,paper_copy,0.520,69.0,5.14,98.6,100.0,96.3,1
cmtiamtxv001drsw5v2pr04lz,paper_copy,0.500,69.0,5.39,97.2,100.0,94.7,1
cmtiamu2p001frsw5vu9lv6ns,paper_copy,0.540,69.0,4.48,99.3,100.0,96.0,0
cmtiamudv001hrsw5beh15ptt,paper_copy,0.510,69.0,5.55,99.3,100.0,99.3,1
cmtiamuhw001jrsw5g9p67i53,paper_copy,0.500,69.0,5.43,97.2,100.0,97.3,1
cmtiamulz001lrsw5lvldzskd,paper_copy,0.510,69.0,5.54,98.6,100.0,100.0,1
cmtiamurh001nrsw5nh2p01do,paper_copy,0.590,69.0,3.33,96.5,100.0,95.5,1
cmtiamuwo001prsw5enyin4vn,paper_copy,0.500,69.0,29.01,97.2,100.0,97.3,1
cmtiamv0r001rrsw5qu97f7s8,paper_copy,0.510,69.0,29.63,98.6,100.0,99.5,1
cmtiamv6g001trsw5h7abq84c,paper_copy,0.520,69.0,27.42,98.6,100.0,96.3,1
cmtiamvan001vrsw541cwkcad,paper_copy,0.510,69.0,29.63,99.3,100.0,99.6,1
cmtiamvf0001xrsw5j2xvt9bu,paper_copy,0.570,69.0,21.76,99.3,100.0,98.1,1
cmtiamwdv001zrsw5k7uazpmc,paper_copy,0.540,69.0,23.85,99.3,100.0,94.9,0
cmtiamwi10021rsw5hirn7i0y,paper_copy,0.590,69.0,17.73,96.5,100.0,94.9,1
cmtiamwma0023rsw5itjnllao,paper_copy,0.500,69.0,28.76,97.2,100.0,94.7,1
cmtiamwv20025rsw5hhtelbvp,paper_copy,0.590,79.8,100.40,93.0,100.0,97.3,1
cmtiamxbx0027rsw534b8mpx8,paper_copy,0.570,79.8,76.10,93.0,100.0,92.0,1
cmtiamxkc0029rsw5mmhwzjw9,paper_copy,0.550,69.0,16.85,95.8,100.0,96.8,1
cmtiamxul002brsw53mvdo2iz,paper_copy,0.550,69.0,16.33,99.3,100.0,94.4,1
cmtiamy4g002drsw5xn6fq0k1,paper_copy,0.560,69.0,16.10,98.6,100.0,97.3,1
cmtiamyel002frsw5snhflhxi,paper_copy,0.560,69.0,16.90,98.6,100.0,99.5,1
cmtiamyp9002hrsw5uwmtqcp9,paper_copy,0.480,69.0,1.77,68.5,100.0,76.3,1
cmtiamyt8002jrsw5od2zs8ww,paper_copy,0.640,79.8,1.79,93.0,100.0,97.3,1
cmtiamyx5002lrsw5mbp5ssr4,paper_copy,0.590,69.0,13.14,96.5,100.0,94.9,1
cmtiamz1p002nrsw5bnodef7j,paper_copy,0.540,69.0,17.73,99.3,100.0,96.5,0
cmtiamz79002prsw5w87wu7ir,paper_copy,0.500,69.0,21.50,97.2,100.0,97.3,1
cmtiamzb3002rrsw55au3h8aq,paper_copy,0.510,69.0,21.96,98.6,100.0,99.5,1
cmtiamzfb002trsw5mbiwbs6q,paper_copy,0.520,69.0,20.28,98.6,100.0,97.3,1
cmtiamzjd002vrsw5z03kcszh,paper_copy,0.570,69.0,16.17,99.3,100.0,99.2,1
cmtiamznd002xrsw5gje6c0dk,paper_copy,0.500,69.0,21.31,97.2,100.0,94.7,1
cmtian013002zrsw5zu9x7qgv,paper_copy,0.420,69.0,1509.99,78.3,100.0,66.7,0
cmtian0950031rsw5i7phabcp,paper_copy,0.560,69.0,9937.51,95.8,100.0,97.4,1
cmtian0dr0033rsw5j57fwyvj,paper_copy,0.600,69.0,7903.72,96.5,100.0,96.1,1
cmtian0nx0035rsw53d303qth,paper_copy,0.490,69.0,92.19,93.0,100.0,70.7,1
cmtian0s10037rsw5v68f58cu,paper_copy,0.490,69.0,6.63,93.0,100.0,70.7,1
cmtian12e0039rsw5oa2cz8gi,paper_copy,0.410,69.0,102.89,55.2,100.0,68.6,1
cmtian1e6003brsw5k3slyu1o,paper_copy,0.530,69.0,101.00,84.6,100.0,93.1,1
cmtian1ou003drsw5q74bcq2k,paper_copy,0.530,69.0,99.00,88.8,100.0,92.5,1
cmtian1zb003frsw5j95z2q9x,paper_copy,0.550,69.0,1036.09,94.4,100.0,98.2,1
cmtian23j003hrsw57iok254y,paper_copy,0.550,69.0,995.17,84.6,100.0,99.8,1
cmtian27f003jrsw59qw3jbgs,paper_copy,0.430,69.0,1016.87,55.2,100.0,73.8,1
cmtian2bm003lrsw5e3kzui5l,paper_copy,0.530,69.0,987.64,88.8,100.0,92.5,1
cmtian2fy003nrsw5wnpjelq0,paper_copy,0.500,69.0,663.91,93.0,100.0,76.0,1
cmtian2r2003prsw5vgegpmby,paper_copy,0.550,69.0,0.01,93.0,100.0,76.0,0
cmtian2v6003rrsw51wcya2bp,paper_copy,0.580,69.0,45.73,96.5,100.0,90.7,1
cmtian37i003trsw56yt7sdc5,paper_copy,0.510,69.0,77.63,97.9,100.0,99.2,1
cmtian3c9003vrsw5qxceoa3v,paper_copy,0.520,69.0,77.41,99.3,100.0,99.7,1
cmtian3hy003xrsw5m6rsb81w,paper_copy,0.520,69.0,66.46,88.1,100.0,96.0,1
cmtian4dn003zrsw51xwuf013,paper_copy,0.510,69.0,5.22,97.2,100.0,97.9,1
cmtian4ii0041rsw5w2e1ndhw,paper_copy,0.510,69.0,5.01,97.2,100.0,97.3,1
cmtian4n50043rsw53vgrx7dh,paper_copy,0.620,69.0,2.51,99.3,100.0,99.2,1
cmtian4t90045rsw53arum57c,paper_copy,0.580,69.0,3.53,93.0,100.0,97.3,0
cmtian4zh0047rsw5c1gqntnk,paper_copy,0.510,69.0,5.41,99.3,100.0,99.7,1
cmtian53v0049rsw5nvg9s4n3,paper_copy,0.510,69.0,6.27,97.2,100.0,99.5,1
cmtian58v004brsw5eg1hwgfh,paper_copy,0.620,69.0,3.03,99.3,100.0,99.2,1
cmtian5dp004drsw5f0oabwxp,paper_copy,0.510,69.0,6.54,99.3,100.0,99.7,1
cmtian5hv004frsw50c99hdn3,paper_copy,0.520,69.0,6.10,97.2,100.0,98.9,1
cmtian5m2004hrsw5k9mb26df,paper_copy,0.580,69.0,4.27,93.0,100.0,97.3,0
cmtian6rz004jrsw53nuyp3g5,paper_copy,0.620,69.0,77.06,99.3,100.0,99.2,1
cmtian6wd004lrsw5ghwzsen6,paper_copy,0.580,69.0,108.58,93.0,100.0,97.3,0
cmtian709004nrsw5v2s6pkln,paper_copy,0.510,69.0,166.18,99.3,100.0,99.7,1
cmtian747004prsw5265jmkjm,paper_copy,0.520,69.0,155.38,97.2,100.0,99.5,1
cmtian78f004rrsw5s70u7xsj,paper_copy,0.510,69.0,159.17,97.2,100.0,98.9,1
cmtian7ck004trsw58ie7rkr7,paper_copy,0.510,69.0,575.72,97.2,100.0,96.8,1
cmtian7gt004vrsw5jt0i0tzn,paper_copy,0.520,69.0,912.19,97.2,100.0,98.4,1
cmtian7ky004xrsw58kq35doy,paper_copy,0.620,69.0,453.07,99.3,100.0,99.3,1
cmtian7p5004zrsw5nycpvzvv,paper_copy,0.510,69.0,977.59,99.3,100.0,99.7,1
cmtian7t90051rsw5i13tw8jh,paper_copy,0.580,69.0,638.74,93.0,100.0,97.3,0
cmtian7x70053rsw52nc1wznf,paper_copy,0.520,69.0,1602.17,97.2,100.0,98.7,1
cmtian8520055rsw5k35dt8x9,paper_copy,0.510,69.0,1716.09,99.3,100.0,99.7,1
cmtian8920057rsw5juf1crkb,paper_copy,0.500,69.0,1663.00,97.2,100.0,96.0,1
cmtian8d00059rsw5mqvkjh7b,paper_copy,0.610,69.0,532.54,99.3,100.0,97.1,1
cmtian8gw005brsw54z87kdec,paper_copy,0.580,69.0,1121.27,93.0,100.0,97.3,0
cmtian91c005drsw5ls0k1jk5,paper_copy,0.510,69.0,24.84,88.1,100.0,91.2,0
cmtian99z005frsw50lnu6llp,paper_copy,0.520,69.0,29.91,99.3,100.0,99.7,1
cmtian9el005hrsw55v7a30x7,paper_copy,0.510,69.0,29.32,97.2,100.0,97.3,1
cmtian9j1005jrsw5ubvbb6gd,paper_copy,0.520,69.0,25.84,88.8,100.0,95.2,1
cmtian9mt005lrsw5pvkpkhxz,paper_copy,0.510,69.0,29.94,98.6,100.0,97.3,1
cmtian9su005nrsw584yx4ma4,paper_copy,0.520,69.0,29.69,99.3,100.0,99.7,1
cmtian9ws005prsw5c2tk1ekt,paper_copy,0.520,69.0,29.77,99.3,100.0,99.7,1
cmtiana1h005rrsw50ir2eu5d,paper_copy,0.560,69.0,22.78,94.4,100.0,97.9,1
cmtiana7g005trsw5mp491ol9,paper_copy,0.510,69.0,29.94,99.3,100.0,99.7,1
cmtianab9005vrsw5jv33e5oo,paper_copy,0.620,69.0,18.06,99.3,100.0,99.7,1
cmtianafd005xrsw5it2xvhsz,paper_copy,0.550,69.0,57.87,94.4,100.0,92.6,1
cmtianaj8005zrsw5vhoyd4ab,paper_copy,0.490,69.0,68.60,88.1,100.0,84.3,0
cmtianant0061rsw5ceig6cbw,paper_copy,0.520,69.0,77.78,99.3,100.0,99.7,1
cmtianas60063rsw5peo0wc6s,paper_copy,0.520,69.0,75.92,97.2,100.0,99.5,1
cmtianb0q0065rsw52cmw9h33,paper_copy,0.520,69.0,77.13,99.3,100.0,99.9,1
cmtianb510067rsw5eq9c5lpj,paper_copy,0.510,69.0,77.85,99.3,100.0,99.7,1
cmtianb9g0069rsw5xo0v5xkc,paper_copy,0.550,69.0,0.15,93.0,100.0,76.0,0
cmtianbe5006brsw5qty1boyn,paper_copy,0.510,69.0,12.98,99.3,100.0,99.7,1
cmtianbi6006drsw589jrlnga,paper_copy,0.510,69.0,12.96,98.6,100.0,97.9,1
cmtianbm8006frsw523ir59cp,paper_copy,0.520,69.0,12.96,99.3,100.0,99.7,1
cmtiandkg00016wd2j2rxghc7,paper_copy,0.540,69.0,9.62,94.4,100.0,91.5,1
cmtiandos00036wd2twdkeo6b,paper_copy,0.520,69.0,12.63,97.2,100.0,99.5,1
cmtiandt600056wd2udszb0ui,paper_copy,0.520,69.0,12.86,99.3,100.0,99.7,1
cmtiandxd00076wd24ko3tvpv,paper_copy,0.490,69.0,11.44,88.1,100.0,83.9,0
cmtiane1n00096wd2s3lq4uci,paper_copy,0.520,69.0,12.90,99.3,100.0,99.7,1
cmtiane61000b6wd2ttpi2uhi,paper_copy,0.510,69.0,11.26,88.8,100.0,92.5,1
cmtianeay000d6wd2phdurdbf,paper_copy,0.590,69.0,7.45,99.3,100.0,91.2,1
cmtianefk000f6wd2gr2y2vss,paper_copy,0.520,69.0,114.23,90.2,100.0,89.9,1
cmtianekd000h6wd20xgl2qcs,paper_copy,0.550,69.0,118.50,93.7,100.0,98.1,1
cmtianep1000j6wd2z1s9edkg,paper_copy,0.490,69.0,6.48,74.8,100.0,78.1,1
cmtianetc000l6wd2l60q6s6v,paper_copy,0.560,69.0,119.65,98.6,100.0,98.9,1
cmtianexi000n6wd2v04wpfu3,paper_copy,0.550,69.0,113.25,93.0,100.0,96.0,1
cmtianf1w000p6wd250ze7fpi,paper_copy,0.550,69.0,609.18,93.7,100.0,98.2,1
cmtianf5t000r6wd2g4ykwqrz,paper_copy,0.540,69.0,86.38,74.8,100.0,95.2,1
cmtianf9y000t6wd23dlawnzd,paper_copy,0.520,69.0,587.32,90.2,100.0,89.9,1
cmtianfe6000v6wd2dw7b1gti,paper_copy,0.560,69.0,578.38,93.0,100.0,99.5,1
cmtianfhz000x6wd2led77eco,paper_copy,0.550,69.0,610.48,98.6,100.0,96.8,1
cmtianflu000z6wd2hniu66cp,paper_copy,0.510,69.0,32.08,90.2,100.0,84.5,1
cmtianfpk00116wd2l43ak89j,paper_copy,0.550,69.0,33.59,93.7,100.0,98.7,1
cmtianftj00136wd2vh4lo00h,paper_copy,0.540,69.0,31.36,93.0,100.0,91.5,1
cmtianfxu00156wd29njnnle1,paper_copy,0.550,69.0,33.69,98.6,100.0,96.8,1
cmtiang1n00176wd2d2we0pb7,paper_copy,0.550,69.0,5.21,74.8,100.0,97.9,1
cmtiang6p00196wd29zml4l8h,paper_copy,0.520,69.0,17.95,99.3,100.0,99.7,1
cmtiangax001b6wd2ul1skwcl,paper_copy,0.510,69.0,17.91,98.6,100.0,98.9,1
cmtiangel001d6wd2o47y09d9,paper_copy,0.520,69.0,17.86,99.3,100.0,99.7,1
cmtiangir001f6wd2mhctkwts,paper_copy,0.520,69.0,17.81,99.3,100.0,99.7,1
cmtiangmo001h6wd2000z4kzl,paper_copy,0.490,69.0,15.83,88.1,100.0,84.3,0
cmtiangq9001j6wd2vq7019g5,paper_copy,0.520,69.0,13.11,94.4,100.0,85.1,1
cmtiangu5001l6wd24en4hxli,paper_copy,0.500,69.0,15.74,88.8,100.0,87.7,1
cmtiangyt001n6wd27tyt3x9t,paper_copy,0.510,69.0,17.43,97.2,100.0,97.9,1
cmtianh31001p6wd2dlbycpe2,paper_copy,0.510,69.0,17.97,99.3,100.0,99.7,1
cmtianh6v001r6wd2pvlifuc4,paper_copy,0.600,69.0,10.44,99.3,100.0,94.9,1
cmtianhaj001t6wd214edbxv8,paper_copy,0.610,69.0,53.05,99.3,100.0,96.5,1
cmtianheu001v6wd26r0r1y5y,paper_copy,0.550,69.0,117.21,90.2,100.0,98.0,1
cmtianhjb001x6wd295lfy09i,paper_copy,0.410,69.0,27.45,93.0,100.0,28.0,0
cmtianhnn001z6wd2qy8xgost,paper_copy,0.460,69.0,117.55,60.1,100.0,83.2,1
cmtianhsj00216wd2ycpr5fj8,paper_copy,0.550,69.0,121.77,94.4,100.0,98.4,1
cmtianhy900236wd2ael5aern,paper_copy,0.540,69.0,115.99,93.7,100.0,94.3,1
cmtiani2100256wd241wknu1m,paper_copy,0.480,69.0,1.95,74.8,100.0,75.5,1
cmtiani5u00276wd27cbsa5d3,paper_copy,0.470,69.0,9.22,90.2,100.0,73.9,1
cmtiani9r00296wd25ahi7jca,paper_copy,0.510,69.0,9.03,93.0,100.0,81.9,1
cmtianifv002b6wd24h684lg0,paper_copy,0.550,69.0,9.86,93.7,100.0,98.7,1
cmtianijl002d6wd2klnyt3w2,paper_copy,0.550,69.0,9.87,98.6,100.0,96.3,1
cmtianinf002f6wd2xw8tr8zs,paper_copy,0.440,69.0,12.15,74.8,100.0,61.6,1
cmtianiro002h6wd2qsp3jn9f,paper_copy,0.410,69.0,2.40,74.8,100.0,51.5,1
cmtianivt002j6wd2z44xw4br,paper_copy,0.550,69.0,9.87,93.7,100.0,98.7,1
cmtianizl002l6wd2r3sb4vwj,paper_copy,0.410,69.0,8.44,93.0,100.0,49.3,1
cmtianj3d002n6wd2lmm2hscv,paper_copy,0.470,69.0,9.23,90.2,100.0,73.9,1
cmtianj7f002p6wd2hx8n1t0z,paper_copy,0.550,69.0,9.88,98.6,100.0,96.3,1
cmtianjbg002r6wd26zu2t6ab,paper_copy,0.320,69.0,10.91,74.8,100.0,22.1,1
cmtianjfc002t6wd2hu86cb9w,paper_copy,0.550,69.0,36.54,98.6,100.0,95.7,1
cmtianjjj002v6wd2kvhgdqa4,paper_copy,0.470,69.0,34.15,90.2,100.0,73.9,1
cmtianjn5002x6wd2sg1x3yvf,paper_copy,0.340,69.0,29.80,93.0,100.0,28.0,1
cmtianjqv002z6wd24ntomecl,paper_copy,0.550,69.0,36.54,93.7,100.0,98.1,1
cmtiank1l00316wd25m1masxk,paper_copy,0.370,69.0,43.20,93.0,100.0,33.3,0
cmtiank5f00336wd2uh8iil2x,paper_copy,0.510,69.0,42.92,99.3,100.0,99.7,1
cmtiank9a00356wd2ebbjs1sj,paper_copy,0.520,69.0,42.67,99.3,100.0,99.7,1
cmtiankdo00376wd2cnee55cl,paper_copy,0.490,69.0,37.79,88.1,100.0,84.6,0
cmtiankhg00396wd2q4mp0fn8,paper_copy,0.510,69.0,37.45,88.8,100.0,89.9,1
cmtianklj003b6wd2wzl69kl4,paper_copy,0.520,69.0,42.88,99.3,100.0,99.7,1
cmtiankpi003d6wd2h6f6c1bj,paper_copy,0.510,69.0,42.80,98.6,100.0,98.9,1
cmtiankv6003f6wd2askty8wv,paper_copy,0.610,69.0,25.59,99.3,100.0,96.5,1
cmtiankyx003h6wd2hdwmwwy0,paper_copy,0.530,69.0,30.96,94.4,100.0,86.1,1
cmtianl2p003j6wd2sabvfb1h,paper_copy,0.520,69.0,42.55,99.3,100.0,99.7,1
cmtianl6d003l6wd2aiae7kjt,paper_copy,0.510,69.0,41.61,97.2,100.0,97.3,1
cmtianld2003n6wd2lof30ydx,paper_copy,0.510,69.0,39.81,98.6,100.0,98.9,1
cmtianlgp003p6wd289t7141g,paper_copy,0.520,69.0,39.89,99.3,100.0,99.7,1
cmtianlku003r6wd2hgl756r1,paper_copy,0.490,69.0,35.13,88.1,100.0,84.9,0
cmtianlor003t6wd2hd1cyzuz,paper_copy,0.520,69.0,39.70,99.3,100.0,99.7,1
cmtianlsp003v6wd2ww7pvx6q,paper_copy,0.530,69.0,29.24,94.4,100.0,86.7,1
cmtianlwd003x6wd2yrir81mt,paper_copy,0.510,69.0,38.71,97.2,100.0,97.3,1
cmtianm0b003z6wd2kfu7zu0p,paper_copy,0.510,69.0,39.92,99.3,100.0,99.7,1
cmtianm4500416wd2dkgb06t1,paper_copy,0.520,69.0,39.58,99.3,100.0,99.7,1
cmtianm7s00436wd29lvi3509,paper_copy,0.610,69.0,23.81,99.3,100.0,96.5,1
cmtianmbf00456wd2vro6v145,paper_copy,0.510,69.0,34.44,88.8,100.0,92.0,1
cmtianmln00476wd2i89l6uc8,paper_copy,0.500,69.0,6.04,86.0,100.0,89.3,1
cmtianmvn00496wd2myfavbq9,paper_copy,0.470,69.0,6.77,84.6,100.0,88.8,1
cmtiann5e004b6wd2kwryfy8l,paper_copy,0.490,69.0,7.20,95.8,100.0,98.4,1
cmtiannfk004d6wd2gtkaeyt5,paper_copy,0.470,69.0,7.14,86.0,100.0,94.7,1
cmtiannpr004f6wd2a653le5l,paper_copy,0.500,69.0,7.21,97.9,100.0,99.2,1
cmtiannuo004h6wd2n28h0tgm,paper_copy,0.420,69.0,1.66,72.0,100.0,62.7,0
cmtiannz2004j6wd249r40qtj,paper_copy,0.610,69.0,25.89,99.3,100.0,98.7,1
cmtiano3c004l6wd2lgre95la,paper_copy,0.580,69.0,35.93,93.0,100.0,97.3,0
cmtiano88004n6wd2q0ni2xuk,paper_copy,0.490,69.0,52.35,98.6,100.0,88.5,1
cmtianod0004p6wd2um8hwng5,paper_copy,0.510,69.0,53.82,93.0,100.0,99.5,1
cmtianogm004r6wd25ymghklg,paper_copy,0.510,69.0,391.27,93.0,100.0,99.5,1
cmtianoka004t6wd2srfu9czu,paper_copy,0.520,69.0,472.14,98.6,100.0,97.3,1
cmtianony004v6wd267ykq37f,paper_copy,0.490,69.0,500.74,93.0,100.0,95.2,1
cmtianorq004x6wd2gvuyoa01,paper_copy,0.580,69.0,336.18,93.0,100.0,97.3,0
cmtianovh004z6wd2seak8byp,paper_copy,0.510,69.0,3907.66,93.0,100.0,98.7,1
cmtianoz700516wd269fxn6yo,paper_copy,0.560,69.0,2512.81,93.0,100.0,92.0,0
cmtianp2v00536wd29nb549j6,paper_copy,0.610,69.0,238.59,99.3,100.0,98.7,1
cmtianp7100556wd2r6hv7s4s,paper_copy,0.540,61.0,5357.19,93.0,100.0,96.7,1
cmtianpbb00576wd2iwochvlh,paper_copy,0.490,69.0,599.22,98.6,100.0,86.8,1
cmtianpfg00596wd2r09o5002,paper_copy,0.580,69.0,402.57,93.0,100.0,97.3,0
cmtianpk5005b6wd22w6jwdjh,paper_copy,0.510,69.0,637.79,99.3,100.0,99.7,1
cmtianpno005d6wd2112g3ylf,paper_copy,0.610,69.0,295.46,99.3,100.0,98.7,1
cmtianpr6005f6wd28167q7nc,paper_copy,0.500,69.0,619.77,93.0,100.0,95.5,1
cmtianpus005h6wd2xwdiqhjm,paper_copy,0.500,69.0,277.94,93.0,100.0,98.2,1
cmtianpyc005j6wd2b0nbywp3,paper_copy,0.500,69.0,268.78,98.6,100.0,89.3,1
cmtianq1y005l6wd26dkcd1ql,paper_copy,0.620,69.0,129.02,99.3,100.0,99.7,1
cmtianq5j005n6wd2hku8payy,paper_copy,0.580,69.0,187.64,93.0,100.0,97.3,0
cmtianq94005p6wd2ek4ut32o,paper_copy,0.510,69.0,287.45,99.3,100.0,99.7,1
cmtianqn6005r6wd24wkc2s11,paper_copy,0.490,69.0,9.87,84.6,100.0,100.0,0
cmtianqx3005t6wd2sqrme9gh,paper_copy,0.410,69.0,9.97,98.6,59.3,99.5,1
cmtianr71005v6wd2zuin4dez,paper_copy,0.430,69.0,9.94,98.6,66.2,99.5,1
cmtianrgt005x6wd2tecca06c,paper_copy,0.490,69.0,9.97,96.5,95.1,98.7,1
cmtianrqa005z6wd20w1ud8mn,paper_copy,0.310,69.0,9.96,74.1,41.0,92.1,1
cmtianrzr00616wd2y3krvmc0,paper_copy,0.400,69.0,9.87,53.1,100.0,83.7,1
cmtians9j00636wd2awx043sc,paper_copy,0.420,69.0,9.97,93.0,68.7,97.9,1
cmtiansk600656wd2cg3jcuxk,paper_copy,0.460,69.0,9.85,77.6,100.0,91.5,1
cmtianst200676wd26nq8ljuv,paper_copy,0.350,69.0,1.94,88.1,23.9,95.5,1
cmtianswr00696wd24ulu6kx9,paper_copy,0.510,69.0,47.73,98.6,100.0,99.5,1
cmtiant0h006b6wd2p1avjn75,paper_copy,0.520,69.0,47.86,99.3,100.0,99.7,1
cmtiant59006d6wd2g8q300ue,paper_copy,0.510,69.0,47.91,99.3,100.0,99.7,1
cmtiant8x006f6wd258f4y69i,paper_copy,0.520,69.0,47.64,99.3,100.0,99.7,1
cmtianvcb0001t6axsjchob2p,paper_copy,0.540,69.0,35.09,98.6,100.0,88.3,1
cmtianvmq0003t6ax952mbnk7,paper_copy,0.520,69.0,47.45,99.3,100.0,99.7,1
cmtianvr70005t6axpi31mtl4,paper_copy,0.530,69.0,41.80,97.2,100.0,93.1,1
cmtianvvj0007t6ax09hz8lvv,paper_copy,0.610,69.0,28.61,99.3,100.0,96.5,1
cmtianvzz0009t6axxgsvvmx5,paper_copy,0.510,69.0,46.45,97.9,100.0,97.1,1
cmtianw4h000bt6ax25qi4no1,paper_copy,0.500,69.0,42.14,90.9,100.0,88.9,0
cmtianw90000dt6axozkc11yz,paper_copy,0.570,79.8,3.35,93.0,100.0,92.0,1
cmtianwdp000ft6ax2n3e5blm,paper_copy,0.510,69.0,78.85,98.6,100.0,99.5,1
cmtianwny000ht6axxr5pbgxa,paper_copy,0.500,69.0,76.50,95.8,100.0,93.7,1
cmtianwsq000jt6ax1z3i2zqd,paper_copy,0.510,69.0,63.52,91.6,100.0,91.5,0
cmtianwx5000lt6axi24k78rf,paper_copy,0.500,69.0,77.12,97.2,100.0,97.3,1
cmtianx1k000nt6axw5g0gbsl,paper_copy,0.570,69.0,58.29,99.3,100.0,99.2,1
cmtianx5y000pt6axl2xc36q1,paper_copy,0.500,69.0,72.90,95.1,100.0,92.3,1
cmtianxda000rt6axuuzdacw3,paper_copy,0.580,69.0,46.94,98.6,100.0,92.0,1
cmtianxha000tt6axzz3kjrt1,paper_copy,0.500,69.0,146.43,97.2,100.0,97.3,1
cmtianxlb000vt6axh6yan164,paper_copy,0.520,69.0,122.66,91.6,100.0,94.7,0
cmtianxpd000xt6axpnbcxvvz,paper_copy,0.580,69.0,89.12,98.6,100.0,92.0,1
cmtianxt6000zt6axgxpt9fps,paper_copy,0.500,69.0,138.55,95.1,100.0,91.7,1
cmtianxxf0011t6axdx1mv6fb,paper_copy,0.500,69.0,145.25,95.8,100.0,93.7,1
cmtiany1j0013t6axarhvdkjv,paper_copy,0.510,69.0,149.71,98.6,100.0,99.5,1
cmtiany5r0015t6ax74bmkh8k,paper_copy,0.580,69.0,109.05,99.3,100.0,99.7,1
cmtiany9v0017t6axu56xjsxo,paper_copy,0.580,69.0,6.06,98.6,100.0,92.0,1
cmtianye40019t6axbinjnqht,paper_copy,0.500,69.0,9.40,95.1,100.0,92.8,1
cmtianyi3001bt6axiquwpx2w,paper_copy,0.570,69.0,7.53,99.3,100.0,99.2,1
cmtianylu001dt6axtnddmae0,paper_copy,0.500,69.0,9.86,95.8,100.0,94.7,1
cmtianypx001ft6axn3u06l07,paper_copy,0.500,69.0,9.96,97.2,100.0,97.3,1
cmtianyto001ht6axdttr02kp,paper_copy,0.510,69.0,8.20,91.6,100.0,91.5,0
cmtianz43001jt6axb052whmx,paper_copy,0.530,69.0,17.73,79.0,100.0,86.7,1
cmtianzdy001lt6axt84jnhs7,paper_copy,0.490,69.0,41.37,94.4,100.0,94.5,1
cmtianznz001nt6axj6jwcsrp,paper_copy,0.490,69.0,25.16,65.7,100.0,82.1,0
cmtianzsk001pt6axtdr2aj6x,paper_copy,0.650,69.0,37.67,93.0,100.0,97.3,1
cmtiao02a001rt6axcyxvw4fj,paper_copy,0.620,69.0,44.40,96.5,100.0,98.1,1
cmtiao0c3001tt6axee1lpups,paper_copy,0.630,69.0,7.65,93.0,100.0,86.7,0
cmtiao0fr001vt6ax6ngfq63z,paper_copy,0.610,80.1,7.65,93.0,100.0,97.3,0
cmtiao0jx001xt6axmc1vuqzb,paper_copy,0.640,69.0,36.54,93.0,100.0,92.0,0
cmtiao0o3001zt6ax655r6uov,paper_copy,0.600,80.1,101.38,93.0,100.0,92.0,0
cmtiao0sf0021t6axbdzsk8tc,paper_copy,0.610,80.1,3.40,93.0,100.0,97.3,0
cmtiao0wc0023t6axcjr5we2n,paper_copy,0.650,69.0,169.92,93.0,100.0,97.3,1
cmtiao1050025t6ax18qzt10u,paper_copy,0.630,69.0,199.33,96.5,100.0,99.2,1
cmtiao1ab0027t6ax8piv1gwa,paper_copy,0.620,69.0,112.02,93.7,100.0,98.4,1
cmtiao1e30029t6axaz7bvpjo,paper_copy,0.610,80.1,34.51,93.0,100.0,97.3,0
cmtiao1hr002bt6axt90owxif,paper_copy,0.610,80.1,4.71,93.0,100.0,97.3,0
cmtiao1lt002dt6axpdfuj0pb,paper_copy,0.610,80.1,138.90,93.0,100.0,97.3,0
cmtiao1pv002ft6axycwpajbi,paper_copy,0.610,80.1,33.93,93.0,100.0,97.3,0
cmtiao1zt002ht6axez6jiq3p,paper_copy,0.600,69.0,202.99,95.1,98.1,98.1,1
cmtiao2a6002jt6ax17cg3mjd,paper_copy,0.610,69.0,203.19,95.8,100.0,98.4,1
cmtiao2ib002lt6axbtrq397x,paper_copy,0.620,69.0,202.41,99.3,100.0,98.7,1
cmtiao4mw002nt6axwu55rrqr,paper_copy,0.570,69.0,58.24,99.3,84.9,94.4,1
cmtiao4xb002pt6axd32qo7vm,paper_copy,0.520,69.0,59.32,84.6,72.8,95.2,0
cmtiao57n002rt6ax2oe4tw77,paper_copy,0.590,69.0,58.69,99.3,100.0,91.7,0
cmtiao5hs002tt6axjhcoc9kb,paper_copy,0.520,69.0,59.49,94.4,62.2,97.9,1
cmtiao5su002vt6axinjongxa,paper_copy,0.510,69.0,59.15,94.4,76.7,82.4,1
cmtiao633002xt6axh9jp767c,paper_copy,0.670,69.0,38.74,93.0,100.0,92.0,1
cmtiao6dk002zt6axe1llhgqi,paper_copy,0.550,69.0,59.37,91.6,80.3,95.7,1
cmtiao6pl0031t6axnk5bdrst,paper_copy,0.670,69.0,43.51,93.0,100.0,97.3,1
cmtiao7000033t6axjvzx7icd,paper_copy,0.590,69.0,51.61,86.0,89.7,94.7,1
cmtiao7ag0035t6axsjattyej,paper_copy,0.650,69.0,48.16,86.0,100.0,100.0,1
cmtiao7l90037t6axsa4z1wwz,paper_copy,0.590,69.0,209.40,98.6,90.2,98.9,0
cmtiao7pt0039t6axbe99cwsp,paper_copy,0.600,69.0,181.43,86.0,89.7,95.8,1
cmtiao7tn003bt6ax577q1bz7,paper_copy,0.590,69.0,206.81,99.3,100.0,91.7,0
cmtiao7xe003dt6axur7f408u,paper_copy,0.680,69.0,72.60,93.0,100.0,97.3,1
cmtiao814003ft6ax6khncdaq,paper_copy,0.670,69.0,153.32,93.0,100.0,97.3,1
cmtiao858003ht6axjc4mspqz,paper_copy,0.510,69.0,208.39,94.4,76.7,82.4,1
cmtiao893003jt6axjaaii7nn,paper_copy,0.550,69.0,208.92,91.6,80.3,96.5,1
cmtiao8cu003lt6axcdvpl7gp,paper_copy,0.570,69.0,205.21,99.3,84.9,94.4,1
cmtiao8hd003nt6ax0xfstth4,paper_copy,0.650,69.0,169.68,86.0,100.0,100.0,1
cmtiao8lb003pt6axi7ww6nqc,paper_copy,0.520,69.0,208.54,84.6,72.8,96.4,0
cmtiao8pa003rt6axjouk8t0u,paper_copy,0.520,69.0,16.07,94.4,62.2,98.4,1
cmtiao8t3003tt6ax53po26mg,paper_copy,0.590,69.0,15.87,99.3,100.0,91.7,0
cmtiao8x2003vt6ax3scevnjq,paper_copy,0.530,69.0,16.00,84.6,72.8,96.8,0
cmtiao90u003xt6axf09vxtcl,paper_copy,0.610,69.0,13.80,86.0,89.7,100.0,1
cmtiao954003zt6axuvqknquc,paper_copy,0.560,69.0,15.97,91.6,80.3,98.9,1
cmtiao98w0041t6axlzceqa50,paper_copy,0.570,69.0,15.75,99.3,84.9,94.4,1
cmtiao9df0043t6axue40tdbc,paper_copy,0.520,69.0,15.97,94.4,76.7,83.5,1
cmtiao9h80045t6axl44g7q0r,paper_copy,0.670,69.0,11.77,93.0,100.0,97.3,1
cmtiao9kx0047t6axhco5gdzx,paper_copy,0.630,69.0,12.87,86.0,100.0,94.7,1
cmtiao9om0049t6axx00nklow,paper_copy,0.520,69.0,25.93,94.4,62.2,98.4,1
cmtiao9si004bt6axp3r7kw8y,paper_copy,0.630,69.0,20.76,86.0,100.0,94.7,1
cmtiao9wq004dt6axgrtospo2,paper_copy,0.570,69.0,25.40,99.3,84.9,94.6,1
cmtiaoa0k004ft6ax9v4780nb,paper_copy,0.650,69.0,11.13,93.0,100.0,86.7,1
cmtiaoa4u004ht6axy5ro5lam,paper_copy,0.550,69.0,750.49,94.4,100.0,97.7,1
cmtiaoaa9004jt6axcq2qwgsc,paper_copy,0.530,69.0,743.47,98.6,100.0,91.3,1
cmtiaoaf3004lt6axmw2ivrpc,paper_copy,0.440,69.0,681.05,93.7,100.0,61.6,1
cmtiaoaix004nt6axb50nlydp,paper_copy,0.600,80.1,247.68,93.0,100.0,92.0,0
cmtiaoan1004pt6axxhxna71u,paper_copy,0.570,69.0,26.14,95.8,100.0,90.4,1
cmtiaoaqw004rt6axeo4mzt9t,paper_copy,0.560,69.0,30.71,97.9,100.0,92.8,1
cmtiaoaup004tt6axfn8oxm70,paper_copy,0.540,69.0,37.09,97.9,100.0,96.0,0
cmtiaoayq004vt6ax9ru3cldk,paper_copy,0.470,69.0,40.63,92.3,100.0,80.7,1
cmtiaob2h004xt6ax6qq7m292,paper_copy,0.500,69.0,42.87,99.3,100.0,92.8,1
cmtiaob68004zt6axbphzg1c1,paper_copy,0.500,69.0,42.95,96.5,100.0,96.0,1
cmtiaoba00051t6axt4epab51,paper_copy,0.620,69.0,56.62,99.3,100.0,99.2,1
cmtiaobku0053t6axw0w5n34g,paper_copy,0.610,69.0,56.45,95.1,100.0,98.7,1
cmtiaobop0055t6axoecqggsh,paper_copy,0.610,69.0,56.89,95.8,100.0,98.4,1
cmtiaobte0057t6ax6ukbk4vo,paper_copy,0.610,69.0,56.84,95.1,100.0,98.1,1
cmtiaocqz0059t6ax24o7sh8q,paper_copy,0.630,60.2,19.00,93.0,100.0,97.3,1
cmtiaodio005bt6axnlcl5a6m,paper_copy,0.630,60.2,24.09,93.0,100.0,97.3,1
cmtiaoe0o005dt6axmrbfnhqu,paper_copy,0.470,63.7,14.21,99.3,100.0,85.3,0
cmtjie6ti00014nohukjyuwst,paper_copy,0.470,63.7,975.96,99.3,100.0,84.3,0
cmtjie6x900034noh1snvavgt,paper_copy,0.470,63.7,395.89,99.3,100.0,84.3,0
cmtjie88q00054noh6seyhgha,paper_copy,0.620,60.2,65.55,96.5,100.0,92.8,1
cmtjie8ch00074nohgp6nhesp,paper_copy,0.640,60.2,25093.57,96.5,100.0,98.1,1
cmtjie8xw00094nohkkeacgyq,paper_copy,0.620,60.2,330.36,96.5,100.0,92.8,1
cmtjie99b000b4noh9citykay,paper_copy,0.620,60.2,180.50,96.5,100.0,92.8,1
cmtjie9cz000d4noh5jwh6ugq,paper_copy,0.620,60.2,180.50,96.5,100.0,92.8,1
cmtjie9lt000f4noh8b2o3fcp,paper_copy,0.620,60.2,381.02,96.5,100.0,92.8,1
cmtjiea8e000h4nohuaxh6d60,paper_copy,0.650,60.2,5777.85,93.0,100.0,97.3,1
cmtjieag2000j4nohkkk31zoc,paper_copy,0.620,60.2,19.15,96.5,100.0,92.8,1
cmtjiebq1000l4nohajgo19wh,paper_copy,0.640,60.2,1685.75,99.3,100.0,98.1,1
cmtjiec15000n4nohtddkpvv1,paper_copy,0.490,64.8,137.49,99.3,100.0,99.7,1
cmtjiec7o000p4nohvkftpt3l,paper_copy,0.500,64.8,69.16,93.0,100.0,70.7,0
cmtjieccs000r4nohc04m7l5s,paper_copy,0.390,64.8,74.86,91.6,100.0,41.9,1
cmtjiecmm000t4noh4dkxffwv,paper_copy,0.480,64.8,134.21,92.3,100.0,97.6,1
cmtjiecu9000v4nohhtaa7gom,paper_copy,0.490,64.8,131.99,95.8,100.0,99.3,1
cmtjiecyf000x4nohbdki831s,paper_copy,0.460,64.8,5.19,93.0,100.0,76.0,1
cmtjiedap000z4nohqyu7bzc7,paper_copy,0.410,64.8,8.24,83.9,83.9,93.9,1
cmtjiedku00114nohm2ji9p5q,paper_copy,0.470,64.8,12.32,86.0,90.4,100.0,1
cmtjiedx100134noh89wxtas9,paper_copy,0.380,64.8,13.99,97.2,57.3,98.9,1
cmtjiee8c00154nohj9jgx29q,paper_copy,0.490,64.8,6.33,93.0,70.4,92.0,0
cmtjieeie00174nohlat146b9,paper_copy,0.370,64.8,13.99,99.3,50.8,99.7,1
cmtjieemd00194noheko3tr4w,paper_copy,0.410,64.8,5.60,83.9,83.9,93.9,1
cmtjieey7001b4nohvkfdkywl,paper_copy,0.480,64.8,13.98,99.3,100.0,99.7,1
cmtjief9q001d4nohot25rqx7,paper_copy,0.540,64.8,9.53,93.0,96.6,97.3,1
cmtjieff9001f4nohm61n19sy,paper_copy,0.590,64.8,3.56,99.3,100.0,99.7,0
cmtjiefkz001h4nohxhqa060z,paper_copy,0.470,64.8,7.31,95.8,100.0,86.7,1
cmtjiefp6001j4noh16gdv03u,paper_copy,0.570,64.8,5.60,99.3,100.0,99.7,1
cmtjieft8001l4nohcuxh1wcr,paper_copy,0.590,64.8,16.79,99.3,100.0,99.7,0
cmtjiefwx001n4nohs0rlakx6,paper_copy,0.470,64.8,34.55,95.8,100.0,86.3,1
cmtjieg0m001p4noh29cm3w15,paper_copy,0.570,64.8,17.98,99.3,100.0,99.7,1
cmtjieg94001r4noh5xwaolta,paper_copy,0.580,64.8,13.20,93.0,100.0,97.3,0
cmtjiegcv001t4nohr0vc8re4,paper_copy,0.460,64.8,11.57,91.6,100.0,67.0,1
cmtjieggh001v4nohzx2ulcbu,paper_copy,0.480,64.8,18.76,92.3,100.0,99.7,1
cmtjiegki001x4noho59pyh5r,paper_copy,0.490,64.8,19.11,99.3,100.0,99.7,1
cmtjiegoi001z4nohytgu5niz,paper_copy,0.550,64.8,8.80,93.0,100.0,86.7,0
cmtjiegs500214nohxcy4ribt,paper_copy,0.490,64.8,18.27,95.8,100.0,97.8,1
cmtjieh2j00234nohvwtvp2id,paper_copy,0.400,64.8,56.36,86.0,100.0,52.0,1
cmtjiehcd00254nohwi8vbpbu,paper_copy,0.300,64.8,14.13,72.0,72.0,46.7,0
cmtjiehmq00274noh3cxaa9bt,paper_copy,0.470,64.8,2.70,99.3,96.0,99.7,1
cmtjiehza00294nohejy1b34f,paper_copy,0.490,64.8,1.72,79.0,78.5,97.3,1
cmtjiei8e002b4nohrl1mom6m,paper_copy,0.360,64.8,2.71,97.2,46.7,99.5,1
cmtjieil6002d4noh200f9c3k,paper_copy,0.460,64.8,2.71,99.3,91.6,99.7,1
cmtjieiwm002f4nohtdj65yru,paper_copy,0.430,64.8,5.47,93.0,71.0,97.3,1
cmtjiejb3002h4nohne288ohn,paper_copy,0.480,64.8,2.71,99.3,100.0,99.7,1
cmtjiejl1002j4noh7bmkthe8,paper_copy,0.340,64.8,2.25,72.0,54.6,89.3,1
cmtjiejv5002l4nohgx8ttbb1,paper_copy,0.390,64.8,2.69,98.6,60.1,99.5,1
cmtjiek63002n4nohvclindp6,paper_copy,0.400,64.8,2.67,88.8,70.8,100.0,1
cmtjiekg6002p4nohelircko0,paper_copy,0.320,64.8,2.59,93.0,40.8,91.5,1
cmtjiekoa002r4nohdlls2ecv,paper_copy,0.480,64.8,5.45,86.0,100.0,94.7,1
cmtjieky8002t4nohe8m6p5pl,paper_copy,0.470,64.8,4.57,85.3,100.0,82.7,1
cmtjiel9l002v4nohkxuoy2tr,paper_copy,0.440,64.8,9.49,92.3,87.9,97.1,1
cmtjielho002x4nohty8o9odg,paper_copy,0.480,64.8,9.49,98.6,100.0,99.5,1
cmtjielu1002z4nohjf0c7byu,paper_copy,0.520,64.8,7.31,93.0,99.2,97.3,0
cmtjiely900314nohn0xjcaar,paper_copy,0.440,64.8,6.20,92.3,87.9,97.1,1
cmtkxtq0z00013v5xl5ggesod,paper_copy,0.460,64.8,9.34,87.4,100.0,98.4,1
cmtkxtq9500033v5xs3rmmkzv,paper_copy,0.460,64.8,8.14,86.0,93.5,88.4,1
cmtkxtqjg00053v5xum8bmtas,paper_copy,0.450,64.8,5.80,88.8,100.0,89.9,1
cmtkxtqu300073v5xxrcp94id,paper_copy,0.500,64.8,5.18,82.5,100.0,99.2,1
cmtkxtqzj00093v5x3eagquy9,paper_copy,0.370,64.8,46.89,79.0,100.0,44.0,1
cmtkxtrif000b3v5xnqheh8qd,paper_copy,0.380,64.8,42.24,93.0,100.0,33.3,1
cmtkxtt4w000d3v5x95hkam5h,paper_copy,0.480,64.8,34.83,98.6,100.0,99.5,1
cmtkxttfc000f3v5xuj8dnoi1,paper_copy,0.480,64.8,34.63,95.1,100.0,99.6,1
cmtkxttpf000h3v5xr9n9znw8,paper_copy,0.570,64.8,20.91,93.0,100.0,98.3,1
cmtkxtu0e000j3v5xhpvjzi92,paper_copy,0.550,64.8,13.94,86.0,100.0,94.7,0
cmtkxtub8000l3v5xof09d0gu,paper_copy,0.480,64.8,7.92,97.9,100.0,99.7,1
cmtkxtule000n3v5xzmd9lou9,paper_copy,0.470,64.8,7.92,94.4,100.0,97.9,1
cmtkxtup3000p3v5xzk9x90h3,paper_copy,0.550,64.8,4.51,93.0,100.0,92.0,1
cmtkxtut2000r3v5x7zu104nd,paper_copy,0.550,64.8,3.41,86.0,100.0,94.7,0
cmtkxtuwz000t3v5xhw1gvj1w,paper_copy,0.480,64.8,7.92,98.6,100.0,99.5,1
cmtkxtv1f000v3v5xstudrhqv,paper_copy,0.480,64.8,7.86,95.1,100.0,99.2,1
cmtkxtv55000x3v5xogn0759y,paper_copy,0.470,64.8,34.40,95.1,100.0,98.7,1
cmtkxtv8w000z3v5xp0ml5wz7,paper_copy,0.550,64.8,23.52,86.0,100.0,94.7,0
cmtkxtve300113v5xt6dteis7,paper_copy,0.480,64.8,34.67,98.6,100.0,99.5,1
cmtkxtvi400133v5x0c737vhx,paper_copy,0.480,64.8,34.67,97.9,100.0,99.7,1
cmtkxtvlz00153v5xcclopffn,paper_copy,0.470,64.8,34.67,94.4,100.0,97.9,1
cmtkxtvpn00173v5xuycdj8du,paper_copy,0.570,64.8,20.46,93.0,100.0,97.3,1
cmtkxtw1c00193v5x5d1lm899,paper_copy,0.470,64.8,34.67,95.1,100.0,98.7,1
cmtkxtwbz001b3v5xg9vg1vka,paper_copy,0.450,64.8,10.10,87.4,100.0,92.0,0
cmtkxtwoz001d3v5xhnc2shfl,paper_copy,0.480,64.8,10.69,96.5,100.0,99.6,1
cmtkxtx0b001f3v5x3ozwig88,paper_copy,0.480,64.8,10.78,98.6,100.0,99.5,1
cmtmd9f0o0001g00w67d1bnq0,paper_copy,0.560,64.8,7.32,99.3,100.0,99.7,1
cmtmd9f9z0003g00w6uv34dy3,paper_copy,0.470,64.8,10.72,94.4,100.0,97.9,1
cmtmd9fli0005g00wv1tujg0u,paper_copy,0.270,64.8,9.31,86.7,98.5,37.3,1
cmtmd9gnj0007g00w84zd9m09,paper_copy,0.480,64.8,10.78,97.9,100.0,99.2,1
cmtmd9gzo0009g00wsr3p11j7,paper_copy,0.440,64.8,10.74,97.2,85.4,98.9,1
cmtmd9hbk000bg00wc64h4xxm,paper_copy,0.480,64.8,9.55,93.0,100.0,92.0,1
cmtmd9hns000dg00wywzf4qr2,paper_copy,0.550,64.8,7.03,93.0,100.0,97.3,1
cmtmd9hxu000fg00w70zjmqko,paper_copy,0.540,64.8,2.19,93.0,81.8,97.3,1
cmtmd9id2000hg00wwslqgmzm,paper_copy,0.420,64.8,3.44,93.0,78.9,86.7,1
cmtmd9ip5000jg00wd2qmxiyd,paper_copy,0.410,64.8,3.87,88.1,77.2,98.1,1
cmtmd9ixy000lg00wc848ec95,paper_copy,0.480,64.8,3.95,99.3,100.0,99.7,1
cmtmd9j9w000ng00wixtwrfde,paper_copy,0.400,64.8,3.95,98.6,66.2,99.5,1
cmtmd9jkp000pg00wawael15d,paper_copy,0.520,64.8,2.65,93.0,86.7,97.3,0
cmtmd9juw000rg00we6z61v70,paper_copy,0.410,64.8,3.91,93.0,75.9,97.9,1
cmtmd9k5s000tg00we3c3ul0d,paper_copy,0.480,64.8,3.95,99.3,96.9,99.7,1
cmtmd9kh6000vg00wojwxkx79,paper_copy,0.460,64.8,3.72,86.7,99.2,94.4,1
cmtmd9krv000xg00wz0eqj6e2,paper_copy,0.450,64.8,5.29,86.0,66.3,94.7,1
cmtmd9l15000zg00w0zlwzv48,paper_copy,0.420,64.8,7.08,86.0,86.3,89.3,1
cmtmd9l650011g00wgdco95l8,paper_copy,0.450,64.8,5.29,86.0,66.3,94.7,1
cmtmd9lf30013g00w6jd7qm6x,paper_copy,0.460,64.8,449.09,95.8,100.0,88.8,1
cmtmd9lqq0015g00wfnhyz0sc,paper_copy,0.480,64.8,352.49,92.3,100.0,98.2,1
cmtmd9m1u0017g00wfwo9xjih,paper_copy,0.490,64.8,478.78,99.3,100.0,99.7,1
cmtmd9me50019g00wyuu8y1kz,paper_copy,0.480,64.8,102.18,97.2,100.0,98.9,1
cmtmd9moy001bg00wyow8hd5g,paper_copy,0.450,64.8,100.34,86.0,100.0,95.2,1
cmtmd9myp001dg00w7us6uxy2,paper_copy,0.480,64.8,102.28,99.3,100.0,99.7,1
cmtmd9nbg001fg00wq05u052b,paper_copy,0.480,64.8,53.79,93.0,95.8,86.7,1
cmtnspb220001mvdlbdpkranw,paper_copy,0.450,64.8,20.15,86.0,66.3,94.7,1
cmtnspbf40003mvdlvmk8epry,paper_copy,0.420,64.8,80.91,79.0,75.7,81.3,0
cmtnspbn10005mvdlvy34utbb,paper_copy,0.450,64.8,98.00,95.8,100.0,83.5,1
cmtnspbxo0007mvdllqfckuk3,paper_copy,0.480,64.8,103.76,92.3,100.0,98.7,1
cmtnspcal0009mvdl7fz9bsi4,paper_copy,0.490,64.8,105.56,99.3,100.0,99.7,1
cmtnspcma000bmvdlzrj878mz,paper_copy,0.320,64.8,45.04,72.0,72.0,52.0,0
cmtnspcx4000dmvdlam57scj7,paper_copy,0.440,64.8,133.77,86.0,100.0,62.7,1
cmtnspd8k000fmvdlkt0kwext,paper_copy,0.590,64.8,14.75,97.2,100.0,98.9,1
cmtnspdj1000hmvdl8r8z557j,paper_copy,0.550,64.8,14.72,95.1,84.5,98.1,1
cmtnspdts000jmvdlydu0xpj4,paper_copy,0.540,64.8,14.75,97.9,75.0,99.2,1
cmtnspe6s000lmvdl4hzsm39p,paper_copy,0.600,64.8,14.75,99.3,100.0,99.7,1
cmtnspegy000nmvdlfajdzxbw,paper_copy,0.530,64.8,14.75,95.8,74.5,98.4,1
cmtnspekq000pmvdl93s5oyw4,paper_copy,0.300,64.8,68.57,72.0,72.0,46.7,0
cmtnspep3000rmvdllct8u80j,paper_copy,0.400,64.8,47.17,86.0,100.0,52.0,1
cmtnspetk000tmvdlz28ax3bb,paper_copy,0.300,64.8,14.83,72.0,72.0,46.7,0
cmtnspexc000vmvdlbzgmwcdv,paper_copy,0.440,64.8,7.84,95.8,100.0,80.8,1
cmtnspf2o000xmvdlrci4040a,paper_copy,0.490,64.8,8.50,99.3,100.0,99.7,1
cmtnspf6e000zmvdl1aynedx0,paper_copy,0.430,64.8,7.82,95.8,100.0,78.7,1
cmtnspfa70011mvdllato3sf1,paper_copy,0.480,64.8,8.33,92.3,100.0,99.7,1
cmtnspfgo0013mvdlvu1mwkcb,paper_copy,0.440,64.8,131.83,95.8,100.0,82.4,1
cmtnspfld0015mvdlss3mt874,paper_copy,0.490,64.8,142.29,99.3,100.0,99.7,1
cmtnspfp10017mvdl5sw007nv,paper_copy,0.460,64.8,137.81,92.3,100.0,93.3,1
cmtnspfso0019mvdlbb8m7pno,paper_copy,0.490,64.8,56.31,99.3,100.0,99.7,1
cmtnspfwh001bmvdljkz9y8rf,paper_copy,0.450,64.8,52.28,95.8,100.0,83.5,1
cmtnspg0s001dmvdllzc5n75n,paper_copy,0.300,64.8,21.01,72.0,72.0,44.6,0
cmtnspg7x001fmvdl9tfde97z,paper_copy,0.400,64.8,66.82,86.0,100.0,52.0,1
cmtp85t2p0001ly1ijoecishz,paper_copy,0.390,64.8,80.58,86.0,100.0,46.7,1
cmtp85tcv0003ly1ixnr68ymf,paper_copy,0.290,64.8,23.93,72.0,72.0,41.3,0
cmtp85vs60005ly1ic8in3luf,paper_copy,0.370,64.8,6.25,86.0,71.0,84.0,1
cmtp85xil0007ly1irohfx3vm,paper_copy,0.430,64.8,329.20,95.8,100.0,79.7,1
cmtqnl6ed0001k2uebwhmkyyg,paper_copy,0.470,64.8,484.30,92.3,100.0,93.9,1
cmtqnl6sh0003k2ue8rybx4z1,paper_copy,0.490,64.8,499.52,99.3,100.0,99.7,1
cmtqnl7140005k2ue2bd93cyv,paper_copy,0.460,64.8,469.02,95.8,100.0,89.3,1
cmtqnl76h0007k2uem1xcxvsd,paper_copy,0.490,64.8,499.52,99.3,100.0,99.7,1
cmts30vn40001xfgbzu69vakx,paper_copy,0.470,64.8,484.30,92.3,100.0,93.9,1
cmts30vv00003xfgbsyey9jca,paper_copy,0.460,64.8,119.83,95.8,100.0,88.3,1
cmts30vyv0005xfgb8b872388,paper_copy,0.460,64.8,123.37,92.3,100.0,91.2,1
cmts30w8r0007xfgb4z3pmyke,paper_copy,0.490,64.8,127.89,99.3,100.0,99.7,1
cmttih1v10001xtz7u24nrv2e,paper_copy,0.370,64.8,13.29,95.1,53.2,98.7,1
cmttih2dl0003xtz7b2b5y9sk,paper_copy,0.330,64.8,12.76,78.3,54.9,92.8,1
cmttih2o00005xtz70dsorfrf,paper_copy,0.430,64.8,13.19,78.3,100.0,91.7,1
cmttih2x40007xtz72occ7x08,paper_copy,0.420,64.8,13.23,90.2,80.6,97.3,1
cmtuxwqjn0001oqfctyytm9oh,paper_copy,0.580,64.8,3.84,93.0,100.0,97.3,0
cmtuxwqtq0003oqfcvz6vwdxr,paper_copy,0.480,64.8,7.94,98.6,100.0,99.5,1
cmtuxwr3e0005oqfcyodexmam,paper_copy,0.470,64.8,7.95,95.8,100.0,98.4,1
cmtuxwrig0007oqfc6afeu2jk,paper_copy,0.460,64.8,7.88,86.7,100.0,97.1,1
cmtwdcxda0001147k8tq37pu8,paper_copy,0.480,64.8,7.94,98.6,100.0,99.5,1
cmtwdcyfw0003147kf00gz70f,paper_copy,0.460,64.8,7.57,78.3,100.0,99.2,1
cmtwdcyrk0005147kemq3cuf3,paper_copy,0.570,64.8,4.53,93.0,100.0,97.3,1
cmtwdcz1z0007147kvpklomuj,paper_copy,0.490,64.8,21.26,99.3,100.0,99.7,1
cmtxsseq80001vdjjm7w2wxa8,paper_copy,0.460,64.8,20.58,92.3,100.0,91.8,1
cmtxsseyy0003vdjj322bb1yi,paper_copy,0.450,64.8,19.68,95.8,100.0,84.0,1
cmu2xfyne0001vgwhwmd41ttq,paper_copy,0.280,85.1,0.02,88.3,54.8,0.0,0
cmu2xfyw60003vgwhujol07a6,paper_copy,0.000,85.5,504.84,88.3,100.0,0.0,0
cmu2xfz0r0005vgwh51rcgfrf,paper_copy,0.000,93.5,2.70,88.3,29.7,0.0,0
cmu2xfz5g0007vgwh6wwwoond,paper_copy,0.000,93.5,10.74,88.3,100.0,0.0,1
cmu2xfzid0009vgwhe4y3pc6z,paper_copy,0.000,85.5,4900.00,88.3,100.0,0.0,1
cmu2xfzmz000bvgwhve18brz8,paper_copy,0.770,91.0,3.72,76.7,100.0,100.0,1
cmu2xfzrt000dvgwh7v5yrwkc,paper_copy,0.320,93.5,12.12,76.7,100.0,0.0,1
cmu2xfzwx000fvgwhlb4wgbd5,paper_copy,0.000,93.5,8.55,88.3,25.7,0.0,0
cmu2xg02p000hvgwh9m282yrh,paper_copy,0.000,93.5,1.84,94.2,100.0,0.0,0
cmu2xg0f2000jvgwh473dq67r,paper_copy,0.000,93.5,7.84,41.7,24.4,0.0,1
cmu2xg0kl000lvgwh82l0jhv4,paper_copy,0.000,93.5,3.80,86.0,100.0,0.0,0
cmu2xg0pm000nvgwh8tzepeiv,paper_copy,0.000,93.5,11.10,53.3,42.4,100.0,1
cmu2xg10u000pvgwhzgrdviv0,paper_copy,0.000,91.0,59.54,61.5,74.5,0.0,1
cmu2xg15o000rvgwhb9p0nz5j,paper_copy,0.000,93.5,10.65,65.0,100.0,0.0,1
cmu2xg19v000tvgwh1z9ou681,paper_copy,0.000,91.0,6.40,65.0,50.6,0.0,0
cmu2xg1dz000vvgwhup4vsps9,paper_copy,0.000,91.0,4.72,53.3,31.5,0.0,1
cmu2xg1ja000xvgwh4ax12oqi,paper_copy,0.000,93.5,2.34,76.7,36.1,0.0,0
cmu2xg1s5000zvgwh6o8jkkzj,paper_copy,0.000,85.5,10.26,88.3,100.0,0.0,0
cmu2xg1xv0011vgwh9nybwre9,paper_copy,0.280,91.0,1.90,79.0,42.5,0.0,0
cmu2xg28n0013vgwhhw61286j,paper_copy,0.000,91.0,3.00,88.3,100.0,0.0,0
cmu2xg2dg0015vgwhwsmijjgu,paper_copy,0.460,91.0,58.24,76.7,100.0,0.0,1
cmu2xg2hc0017vgwh9kkers8e,paper_copy,0.460,91.0,33.68,65.0,99.1,0.0,0
cmu2xg2o80019vgwht0xu16ws,paper_copy,0.000,91.0,7.34,49.8,50.9,0.0,1
cmu2xg2uz001bvgwhfnzzy4o4,paper_copy,0.000,91.0,6.12,88.3,88.9,0.0,1
cmu2xg302001dvgwhk5rzb6ps,paper_copy,0.470,91.0,8.00,88.3,88.3,0.0,0
cmu2xg3au001fvgwhv5qderfz,paper_copy,0.000,91.0,25.73,74.3,80.0,0.0,1
cmu2xg3gs001hvgwhr7a5r44k,paper_copy,0.390,91.0,6.61,65.0,76.4,0.0,1
cmu2xg3ln001jvgwhqao5mil7,paper_copy,0.410,91.0,6.12,88.3,62.3,0.0,0
cmu2xg3vr001lvgwhe7ij9hmt,paper_copy,0.000,85.5,82.00,65.0,100.0,0.0,1
cmu2xg3zq001nvgwhuayhteis,paper_copy,0.000,91.0,2.17,76.7,41.9,100.0,0
cmu2xg4bb001pvgwhoo3jw796,paper_copy,0.000,91.0,2.12,76.7,25.9,0.0,1
cmu2xg4i3001rvgwhsoty0e5l,paper_copy,0.670,91.0,7.50,76.7,75.1,100.0,0
cmu2xg4tm001tvgwhl4iq94vh,paper_copy,0.430,85.5,129.98,88.3,100.0,0.0,0
cmu2xg51u001vvgwheq6occj3,paper_copy,0.210,91.0,1.67,65.0,27.9,0.0,0
cmu2xg5cc001xvgwhrdb2l5mz,paper_copy,0.000,91.0,7.98,76.7,25.3,0.0,1
cmu2xg5gg001zvgwhc0fglwo6,paper_copy,0.000,91.0,12.00,88.3,100.0,0.0,1
cmu2xg5l90021vgwh77yx5got,paper_copy,0.740,91.0,2.22,76.7,81.2,100.0,1
cmu2xg5qn0023vgwh7bza4jix,paper_copy,0.410,93.5,18.20,88.3,100.0,0.0,1
cmu2xg5vl0025vgwhcv6ztfvc,paper_copy,0.510,91.0,4.51,88.3,100.0,0.0,0
cmu2xg6700027vgwhq5i8tg3b,paper_copy,0.000,91.0,3.60,88.3,100.0,0.0,1
cmu2xg6e90029vgwht6ik0bdl,paper_copy,0.000,91.0,6.81,88.3,39.3,0.0,0
cmu2xg6pi002bvgwhn76oukeg,paper_copy,0.330,91.0,5.32,76.7,27.3,0.0,1
cmu2xg709002dvgwhs0a7yv27,paper_copy,0.330,91.0,6.00,76.7,39.9,0.0,0
cmu2xg7ce002fvgwhegtbyg6v,paper_copy,0.480,91.0,1.26,88.3,97.6,0.0,0
cmu2xg7ka002hvgwh0zm5ngxk,paper_copy,0.780,91.0,19.25,76.7,100.0,100.0,0
cmu2xg7p4002jvgwh6tlm9ub7,paper_copy,0.760,91.0,22.63,88.3,100.0,100.0,1
cmu2xg7zg002lvgwhjgnqdchf,paper_copy,0.710,91.0,3.08,53.3,72.4,100.0,1
cmu2xg8aq002nvgwh77muvo3n,paper_copy,0.000,85.5,450.00,88.3,100.0,0.0,0
cmu2xg8k7002pvgwhzs6drcun,paper_copy,0.000,91.0,6.42,88.3,100.0,0.0,1
cmu2xg8v0002rvgwhkl90b7kk,paper_copy,0.000,91.0,0.67,88.3,32.4,0.0,1
cmu2xg8z0002tvgwh8htk320c,paper_copy,0.000,91.0,10.37,65.0,38.9,0.0,0
cmu2xg96a002vvgwh9dq4pvkl,paper_copy,0.000,91.0,3.35,88.3,100.0,0.0,0
cmu2xg9f6002xvgwhexnu1171,paper_copy,0.000,91.0,3.63,41.7,24.0,0.0,0
cmu2xg9pq002zvgwhpw9oyo7n,paper_copy,0.440,91.0,3.55,65.0,100.0,0.0,1
cmu2xg9wk0031vgwhmo17babp,paper_copy,0.000,85.5,175.50,76.7,71.6,0.0,1
cmu2xga7l0033vgwh4cty7qkm,paper_copy,0.780,91.0,6.20,76.7,100.0,100.0,1
cmu2xgaru0035vgwh5loyv4l2,paper_copy,0.710,91.0,5.54,76.7,100.0,73.2,1
cmu2xgawm0037vgwhrbnafzbr,paper_copy,0.000,91.0,1.17,53.3,100.0,0.0,0
cmu2xgb7f0039vgwhsajajjst,paper_copy,0.000,91.0,5.62,30.0,42.6,0.0,0
cmu2xgbj4003bvgwhbd594pef,paper_copy,0.000,85.5,203.48,76.7,100.0,0.0,1
cmu2xgbok003dvgwhqu4rrxgx,paper_copy,0.000,91.0,5.13,88.3,70.9,0.0,0
cmu2xgbzj003fvgwhuuhp0dop,paper_copy,0.000,93.5,5.21,76.7,100.0,0.0,0
cmu2xgcb0003hvgwhptrgk4s1,paper_copy,0.000,91.0,2.96,65.0,100.0,0.0,0
cmu2xgcm9003jvgwh4tg1pq2z,paper_copy,0.000,85.5,960.00,88.3,100.0,0.0,1
cmu2xgcwy003lvgwh55d2lq9j,paper_copy,0.000,85.5,300.00,76.7,100.0,0.0,1
cmu2xgd1v003nvgwhlnrzo475,paper_copy,0.000,91.0,1.40,76.7,100.0,0.0,0
cmu2xgdai003pvgwhw6jhwgm2,paper_copy,0.000,91.0,6.61,65.0,20.7,0.0,0
cmu2xgdm4003rvgwh4ednmnni,paper_copy,0.000,91.0,6.55,49.8,29.7,0.0,1
cmu2xgdv1003tvgwhjg90aai3,paper_copy,0.000,91.0,4.94,41.7,35.6,0.0,0
cmu2xge52003vvgwh1kb7o51x,paper_copy,0.000,85.5,5300.00,88.3,100.0,0.0,0
cmu2xgegf003xvgwhtneg1zeu,paper_copy,0.760,91.0,22.00,53.3,100.0,100.0,0
cmu2xgesm003zvgwhmdczvgs4,paper_copy,0.000,85.5,11.57,88.3,100.0,0.0,0
cmu2xgf3t0041vgwhnhbopegb,paper_copy,0.670,85.5,30.00,76.7,100.0,100.0,0
cmu2xgf7t0043vgwhdf94coh1,paper_copy,0.000,93.5,1.71,76.7,100.0,0.0,0
cmu2xgfiz0045vgwhsvf72ba2,paper_copy,0.490,91.0,6.42,88.3,100.0,0.0,1
cmu2xgfol0047vgwhztn0jk8y,paper_copy,0.000,91.0,4.45,98.8,100.0,30.0,0
cmu2xgfyp0049vgwhu0e2gc4i,paper_copy,0.000,93.5,21.68,88.3,87.3,0.0,1
cmu2xgg2q004bvgwhxo3joja9,paper_copy,0.490,91.0,1.38,88.3,100.0,0.0,1
cmu2xggd9004dvgwhbmagcjj9,paper_copy,0.420,85.5,4.69,88.3,100.0,0.0,0
cmu2xggld004fvgwhl134pvct,paper_copy,0.490,85.5,9.32,88.3,100.0,0.0,1
cmu2xggwg004hvgwh6gceutvl,paper_copy,0.500,91.0,4.21,88.3,100.0,0.0,1
cmu2xgh5d004jvgwhypvdsngh,paper_copy,0.420,91.0,4.07,88.3,63.0,0.0,0
cmu2xghh9004lvgwhnqm9wyet,paper_copy,0.400,91.0,7.51,76.7,82.4,0.0,1
cmu2xghp9004nvgwhcx77an6e,paper_copy,0.000,91.0,1.72,76.7,42.1,0.0,1
cmu2xghzy004pvgwhnsr95fff,paper_copy,0.000,93.5,22.40,76.7,100.0,0.0,0
cmu2xgi4d004rvgwh6tz9hxy0,paper_copy,0.000,93.5,2.27,88.3,100.0,0.0,0
cmu2xgieu004tvgwha9es5npi,paper_copy,0.460,91.0,18.28,53.3,100.0,0.0,1
cmu2xgipy004vvgwhyio7eqcj,paper_copy,0.000,91.0,7.79,41.7,54.8,0.0,1
cmu2xgitu004xvgwhwas44til,paper_copy,0.700,91.0,6.61,76.7,71.1,100.0,1
cmu2xgj5a004zvgwhguqhtjdi,paper_copy,0.750,91.0,6.02,76.7,85.0,100.0,1
cmu2xgjgf0051vgwhyp5gkrwi,paper_copy,0.000,91.0,7.80,65.0,100.0,0.0,1
cmu2xgjr40053vgwhwjhgtfme,paper_copy,0.000,91.0,3.72,76.7,20.8,0.0,0
cmu2xgk220055vgwhl9pa227j,paper_copy,0.000,85.3,66.40,76.7,100.0,0.0,1
cmu2xgkec0057vgwhky36pv4i,paper_copy,0.000,90.9,18.12,88.3,100.0,0.0,1
cmu2xgkol0059vgwh2f0vjw4v,paper_copy,0.000,92.4,486.90,67.3,100.0,0.0,0
cmu2xgkta005bvgwh1lnh0k81,paper_copy,0.000,91.9,1.61,88.3,100.0,0.0,1
cmu2xgl58005dvgwhmz9jw4u8,paper_copy,0.730,88.8,10.07,76.7,100.0,100.0,0
cmu2xglad005fvgwhj4os143d,paper_copy,0.000,91.0,7.95,76.7,48.4,0.0,1
cmu2xgllt005hvgwh2mjeevmc,paper_copy,0.000,91.9,0.94,88.3,100.0,0.0,0
cmu2xglus005jvgwhkcqb5ppq,paper_copy,0.000,90.9,19.52,88.3,100.0,0.0,0
cmu2xgm41005lvgwh4j1sztrv,paper_copy,0.000,90.9,22.92,88.3,100.0,0.0,1
cmu2xgmg9005nvgwhxb9e2u93,paper_copy,0.000,90.9,17.20,76.7,100.0,0.0,1
cmu2xgmrh005pvgwh18a8yybv,paper_copy,0.000,91.0,7.20,76.7,63.3,98.4,0
cmu2xgn25005rvgwhew6cfbec,paper_copy,0.580,82.9,22.95,53.3,34.6,100.0,1
cmu2xgn65005tvgwhokzg72ra,paper_copy,0.000,93.5,18.55,53.3,34.6,0.0,1
cmu2xgnho005vvgwhbf2fzab6,paper_copy,0.350,91.0,4.05,88.3,31.2,0.0,1
cmu2xgnor005xvgwhptttkz2b,paper_copy,0.000,85.5,4.68,88.3,100.0,0.0,0
cmu2xgnz0005zvgwhxt1euigx,paper_copy,0.000,85.5,520.00,88.3,100.0,0.0,0
cmu2xgo5q0061vgwh1n0wv4gg,paper_copy,0.620,92.4,10.83,87.2,100.0,0.0,0
cmu2xgofy0063vgwh8ap19ymd,paper_copy,0.000,91.0,5.69,65.0,100.0,0.0,1
cmu2xgooi0065vgwh5j9rrdh0,paper_copy,0.000,82.9,5.52,88.3,100.0,0.0,1
cmu2xgoz50067vgwhoiozabd6,paper_copy,0.000,93.5,26.25,41.7,57.3,0.0,0
cmu2xgp9j0069vgwh3p6setpd,paper_copy,0.000,93.5,5.19,76.7,21.0,0.0,0
cmu2xgpk4006bvgwhf300tjn0,paper_copy,0.000,93.5,1.96,76.7,38.6,0.0,1
cmu2xgpu9006dvgwhrzybn2df,paper_copy,0.320,91.0,16.48,88.3,22.6,0.0,0
cmu2xgq55006fvgwhl8r2byez,paper_copy,0.600,91.0,26.00,76.7,26.3,100.0,1
cmu2xgqdo006hvgwhvyz0ztqa,paper_copy,0.000,85.5,2640.00,88.3,100.0,0.0,0
cmu2xgqp5006jvgwhm56kfdum,paper_copy,0.000,85.5,3680.00,88.3,100.0,0.0,1
cmu2xgr1j006lvgwh0zwx0vrj,paper_copy,0.000,85.5,9.24,76.7,100.0,0.0,0
cmu2xgrcx006nvgwh7dixhalj,paper_copy,0.490,91.0,8.04,88.3,100.0,0.0,1
cmu2xgrh2006pvgwhsj4mmgbv,paper_copy,0.390,93.5,17.22,88.3,100.0,0.0,1
cmu2xgrrs006rvgwhu167ysth,paper_copy,0.390,93.5,21.35,88.3,100.0,0.0,0
cmu2xgs35006tvgwhcb3sjpna,paper_copy,0.000,82.9,29.98,65.0,100.0,0.0,1
cmu2xgsdz006vvgwhyofgiheu,paper_copy,0.220,93.5,2.10,65.0,29.2,0.0,0
cmu2xgsi9006xvgwhyl7hyrr5,paper_copy,0.750,91.0,16.87,76.7,93.6,100.0,0
cmu2xgsto006zvgwhtry6qd9y,paper_copy,0.400,91.0,157.42,30.0,92.8,0.0,0
cmu2xgt4c0071vgwh6o064aaf,paper_copy,0.470,91.0,165.87,65.0,100.0,0.0,1
cmu2xgt9s0073vgwh6hm0avt2,paper_copy,0.370,93.5,18.90,65.0,100.0,0.0,1
cmu2xgtjf0075vgwhb3dpqjq3,paper_copy,0.000,84.7,3.71,88.3,100.0,0.0,0
cmu2xgtqp0077vgwhw0fqum0w,paper_copy,0.000,91.0,3.54,30.0,100.0,0.0,0
cmu2xgtuo0079vgwhzoa0d00l,paper_copy,0.000,91.0,1.92,86.0,93.0,40.0,0
cmu2xgu3k007bvgwhhlnq59xg,paper_copy,0.000,91.0,8.28,88.3,82.6,0.0,0
cmu2xgu7l007dvgwhh2joysjp,paper_copy,0.000,82.9,8.07,89.5,80.3,10.0,1
cmu2xguik007fvgwhn4kcyate,paper_copy,0.780,91.0,4.12,76.7,100.0,100.0,0
cmu2xgutc007hvgwh9ppov5zj,paper_copy,0.000,91.0,3.94,76.7,26.4,0.0,1
cmu2xgux8007jvgwhywm3fdvd,paper_copy,0.330,91.0,16.20,52.2,100.0,0.0,0
cmu2xgv8h007lvgwhi89mi02l,paper_copy,0.330,91.0,21.70,53.3,100.0,0.0,1
cmu2xgvhb007nvgwhwfm70s33,paper_copy,0.000,82.9,7.30,53.3,100.0,0.0,1
cmu2xgvso007pvgwhl6wo0lb0,paper_copy,0.000,91.0,21.91,76.7,31.2,0.0,0
cmu2xgw0s007rvgwhctf4r8qv,paper_copy,0.000,82.9,7.92,76.7,100.0,0.0,1
cmu2xgw9e007tvgwhh01zvasc,paper_copy,0.000,84.7,420.00,88.3,100.0,0.0,1
cmu2xgwe1007vvgwhvqqqmpzy,paper_copy,0.000,93.5,9.60,88.3,100.0,0.0,0
cmu2xgwhw007xvgwhodb7cpmz,paper_copy,0.690,93.5,12.81,82.5,100.0,70.0,0
cmu2xgwsg007zvgwhsyzil2ba,paper_copy,0.000,90.9,5.02,76.7,100.0,0.0,0
cmu2xgx3j0081vgwh4jny4bfe,paper_copy,0.450,93.5,0.01,86.0,100.0,0.0,1
cmu2xgx7z0083vgwhsk4k88v7,paper_copy,0.000,93.5,9.20,88.3,100.0,0.0,0
cmu2xgxhf0085vgwh54vnlufv,paper_copy,0.700,91.0,3.90,53.3,80.2,100.0,1
cmu2xgxsk0087vgwhtw0hcnjr,paper_copy,0.000,84.7,5400.00,88.3,100.0,0.0,1
cmu2xgxwq0089vgwhchg7sa4f,paper_copy,0.000,91.4,146.00,88.3,100.0,0.0,1
cmu2xgy94008bvgwhz8k7cwde,paper_copy,0.000,82.9,22.20,88.3,98.6,0.0,0
cmu2xgykc008dvgwhm1wyv57d,paper_copy,0.550,91.4,115.28,88.3,100.0,0.0,0
cmu2xgyof008fvgwhcp7mp9zx,paper_copy,0.000,84.7,5000.00,88.3,100.0,0.0,0
cmu2xgyv6008hvgwh7oe2hqa6,paper_copy,0.000,82.9,4.10,88.3,100.0,0.0,0
cmu2xgz6e008jvgwhbs87h5bw,paper_copy,0.780,91.0,7.64,76.7,94.1,100.0,1
cmu2xgzb0008lvgwhe0vmeifa,paper_copy,0.700,88.8,14.06,98.8,100.0,70.0,1
cmu2xgzf2008nvgwh2bjgfbwc,paper_copy,0.800,88.8,10.97,98.8,100.0,90.0,0
cmu2xgzqd008pvgwh72tt4myp,paper_copy,0.770,84.7,960.00,76.7,100.0,100.0,0
cmu2xgzub008rvgwhp0atauei,paper_copy,0.500,91.0,8.20,88.3,100.0,0.0,0
cmu2xh067008tvgwh153ztnau,paper_copy,0.490,91.0,12.64,88.3,100.0,0.0,1
cmu2xh0a9008vvgwh5lz82jkp,paper_copy,0.840,82.9,4.98,98.8,100.0,90.0,0
cmu2xh0l8008xvgwh5huj2ync,paper_copy,0.000,89.2,8542.42,88.3,100.0,0.0,1
cmu2xh17b008zvgwh66gh1ctc,paper_copy,0.800,91.0,8.34,88.3,100.0,99.2,0
cmu2xh1bd0091vgwhaxcptcwe,paper_copy,0.000,91.9,20800.00,88.3,100.0,0.0,1
cmu2xh1iv0093vgwh0cb6qn2t,paper_copy,0.000,91.0,7.73,88.3,32.8,0.0,1
cmu2xh1tn0095vgwh9es9vemm,paper_copy,0.000,82.9,6.91,65.0,42.3,0.0,1
cmu2xh23x0097vgwhnnggjgs0,paper_copy,0.000,91.0,21.02,53.3,52.6,100.0,1
cmu2xh27x0099vgwh6615sgkf,paper_copy,0.000,91.0,7.68,41.7,35.6,0.0,1
cmu2xh2io009bvgwhd6udiquu,paper_copy,0.000,72.9,638.03,88.3,100.0,0.0,0
cmu2xh2ry009dvgwh1sq45kut,paper_copy,0.780,91.0,7.60,76.7,100.0,100.0,0
cmu2xh2vz009fvgwhj7x4tjsw,paper_copy,0.000,82.9,3.80,76.7,100.0,100.0,0
cmu2xh37n009hvgwhdp6e1ymp,paper_copy,0.000,84.7,2720.00,88.3,100.0,0.0,1
cmu2xh3gj009jvgwh47s3cbhp,paper_copy,0.000,84.7,36.15,65.0,100.0,0.0,0
cmu2xh3kv009lvgwhqxr8yfgm,paper_copy,0.000,82.9,5.42,65.0,100.0,0.0,0
cmu2xh3wg009nvgwhfx2oyb7c,paper_copy,0.000,84.7,1410.00,88.3,100.0,0.0,1
cmu2xh41g009pvgwhmqk1szj1,paper_copy,0.000,72.9,690.00,88.3,100.0,0.0,0
cmu2xh4bu009rvgwh1rudw2vc,paper_copy,0.000,82.9,3.31,76.7,100.0,0.0,0
cmu2xh4mx009tvgwhx6lnbu7n,paper_copy,0.560,91.0,9.37,88.3,100.0,0.0,0
cmu2xh4xu009vvgwhvyskdikt,paper_copy,0.000,91.0,36.99,65.0,100.0,0.0,0
cmu2xh595009xvgwh3ce0dtf7,paper_copy,0.000,91.4,19.16,88.3,100.0,0.0,0
cmu2xh5kp009zvgwhzzgqnqb8,paper_copy,0.000,82.9,29.98,76.7,100.0,0.0,0
cmu2xh5up00a1vgwh4mtuajka,paper_copy,0.000,82.9,7.00,76.7,44.7,0.0,0
cmu2xh65o00a3vgwhp1xcpuxk,paper_copy,0.000,82.9,4.42,88.3,100.0,0.0,0
cmu2xh69n00a5vgwhzy7uf440,paper_copy,0.680,91.0,285.00,94.2,100.0,90.0,0
cmu2xh6k100a7vgwhvdd8jajv,paper_copy,0.470,93.5,42.73,76.7,100.0,0.0,1
cmu2xh6oa00a9vgwhjxy9p0n3,paper_copy,0.770,93.5,57.10,94.2,100.0,90.0,0
cmu2xh6zn00abvgwhrjcvppdy,paper_copy,0.000,82.9,0.63,76.7,22.4,100.0,0
cmu2xh73q00advgwhoeq7gqxh,paper_copy,0.600,82.9,0.73,76.7,74.2,100.0,0
cmu2xh7ex00afvgwh6ep5k48y,paper_copy,0.000,85.4,2551.31,88.3,100.0,0.0,1
cmu2xh7q600ahvgwhl2q0ti70,paper_copy,0.000,93.5,6.24,53.3,55.4,0.0,1
cmu2xh80k00ajvgwh9v2o2d22,paper_copy,0.000,84.7,620.00,88.3,100.0,0.0,0
cmu2xh8fw00alvgwhvzqbypt3,paper_copy,0.000,91.0,1.19,88.3,100.0,0.0,1
cmu2xh8l000anvgwh4xykw2og,paper_copy,0.000,91.0,2.50,88.3,100.0,0.0,1
cmu2xh8ox00apvgwhcmgxdopb,paper_copy,0.000,91.0,25.00,98.8,100.0,0.0,0
cmu2xh8yz00arvgwhxl8m8upf,paper_copy,0.000,91.0,4.10,88.3,100.0,0.0,1
cmu2xh9ax00atvgwhdym4lw3i,paper_copy,0.000,91.0,1.09,65.0,100.0,0.0,1
cmu2xh9lt00avvgwhv0s18wm7,paper_copy,0.000,93.5,16.80,65.0,83.9,0.0,0
cmu2xh9ws00axvgwhn5p3t6nz,paper_copy,0.000,91.0,0.98,53.3,33.7,0.0,0
cmu2xha6y00azvgwhwoc2apo9,paper_copy,0.000,91.0,7.50,88.3,47.8,0.0,0
cmu2xhaht00b1vgwh0cc150h4,paper_copy,0.000,93.5,4.72,53.3,22.8,0.0,0
cmu2xhasi00b3vgwhyqm9rpl7,paper_copy,0.000,91.0,15.77,76.7,61.1,0.0,0
cmu2xhb1v00b5vgwhrbeborpr,paper_copy,0.000,91.0,14.21,88.3,61.1,0.0,1
cmu2xhbck00b7vgwh1btnkdh1,paper_copy,0.460,91.0,0.24,88.3,100.0,0.0,1
cmu2xhbgi00b9vgwhkkvmgnr1,paper_copy,0.360,93.5,3.09,88.3,100.0,0.0,1
cmu2xhbrc00bbvgwh2d1ncw50,paper_copy,0.800,91.0,43.89,76.7,100.0,100.0,1
cmu2xhbxn00bdvgwhtmwj05d2,paper_copy,0.760,91.0,56.69,76.7,100.0,100.0,0
cmu2xhc8h00bfvgwhf9jyip9m,paper_copy,0.700,91.7,15709.22,88.3,100.0,58.3,0
cmu2xhccz00bhvgwhmu3r63ni,paper_copy,0.000,93.5,6.40,76.7,100.0,0.0,0
cmu2xhcmw00bjvgwhuucvifv1,paper_copy,0.000,93.5,11.52,88.3,100.0,0.0,0
cmu2xhcw100blvgwhbnuzhp02,paper_copy,0.380,91.0,2.88,41.7,100.0,0.0,0
cmu2xhd6v00bnvgwhuuytqul4,paper_copy,0.360,93.5,4.02,88.3,100.0,0.0,1
cmu2xhdhb00bpvgwh3iquesct,paper_copy,0.500,91.0,23.39,88.3,100.0,0.0,0
cmu2xhdlb00brvgwhq9t6i9pl,paper_copy,0.400,93.5,2.21,88.3,100.0,0.0,0
cmu2xhdx500btvgwhpksildl0,paper_copy,0.500,91.0,1.95,76.7,100.0,0.0,0
cmu2xhe6p00bvvgwh4yo9s2at,paper_copy,0.720,91.0,4.38,76.7,100.0,100.0,1
cmu2xheav00bxvgwhqn3xm86q,paper_copy,0.460,91.0,3.93,88.3,100.0,0.0,1
cmu2xhej900bzvgwh12rdh8kn,paper_copy,0.410,91.0,2.14,76.7,62.5,0.0,1
cmu2xhf1t00c1vgwh0na95vx5,paper_copy,0.000,91.0,38.94,88.3,100.0,0.0,0
cmu2xhfa600c3vgwh0g97y7t2,paper_copy,0.000,91.0,39.43,88.3,100.0,0.0,1
cmu2xhfef00c5vgwhs21zuezy,paper_copy,0.000,91.0,24.50,88.3,100.0,0.0,0
cmu2xhfql00c7vgwh29fbhkbn,paper_copy,0.000,93.5,13.23,88.3,100.0,0.0,1
cmu2xhg2800c9vgwh3dawvdvr,paper_copy,0.790,91.0,2.21,76.7,98.6,100.0,1
cmu2xhgcd00cbvgwhxml1z0s2,paper_copy,0.410,93.5,10.18,88.3,100.0,0.0,1
cmu2xhgnc00cdvgwhc4oft85r,paper_copy,0.370,93.5,13.34,76.7,100.0,0.0,0
cmu2xhgrd00cfvgwhzebknyng,paper_copy,0.480,91.0,3.59,76.7,100.0,0.0,0
cmu2xhgvk00chvgwhhj19v87d,paper_copy,0.510,91.0,3.13,88.3,100.0,0.0,1
cmu2xhgzb00cjvgwhvim66wvu,paper_copy,0.000,93.5,41.66,98.8,100.0,50.0,1
cmu2xhh3600clvgwhqycgytap,paper_copy,0.000,93.5,31.20,98.8,100.0,0.0,1
cmu2xhheo00cnvgwh1dsrz83r,paper_copy,0.000,82.9,15.21,88.3,100.0,0.0,1
cmu2xhhiy00cpvgwhsm19svmp,paper_copy,0.000,93.5,1.41,65.0,54.5,0.0,1
cmu2xhhu300crvgwhprmjdekw,paper_copy,0.420,82.9,29.32,88.3,100.0,0.0,0
cmu2xhi4n00ctvgwh81q9qqe1,paper_copy,0.000,93.5,39.10,44.0,31.9,60.0,1
cmu2xhi8o00cvvgwh98s23dpz,paper_copy,0.000,91.9,98.11,88.3,100.0,0.0,1
cmu2xhijg00cxvgwh68u9ysvt,paper_copy,0.000,91.0,5.72,88.3,48.0,0.0,1
cmu2xhiv900czvgwh7ihrmncu,paper_copy,0.000,88.8,0.75,41.7,24.6,0.0,0
cmu2xhj5t00d1vgwhu4z9lxi7,paper_copy,0.000,91.0,4.14,30.0,20.3,0.0,1
cmu2xhjjd00d3vgwh0t9igv95,paper_copy,0.000,91.0,2.86,76.7,39.1,0.0,1
cmu2xhjut00d5vgwh3nv8kpd6,paper_copy,0.470,91.0,3.30,88.3,100.0,0.0,1
cmu2xhk3x00d7vgwh58d3tbz0,paper_copy,0.450,91.0,3.95,88.3,100.0,0.0,1
cmu2xhkc300d9vgwh6y5hu8en,paper_copy,0.390,91.0,3.06,76.7,65.7,0.0,1
cmu2xhkkx00dbvgwhkaxvu7ew,paper_copy,0.000,91.0,1.04,88.3,36.7,0.0,0
cmu2xhksx00ddvgwhjdjygdc7,paper_copy,0.000,91.0,2.66,88.3,98.3,0.0,1
cmu2xhl1w00dfvgwhbcersod1,paper_copy,0.000,84.7,3.00,76.7,100.0,0.0,1
cmu2xhl5y00dhvgwhz4fi7rjx,paper_copy,0.370,91.0,1.02,76.7,46.7,0.0,0
cmu2xhlhb00djvgwh7xdie3vq,paper_copy,0.440,91.0,1.30,88.3,75.2,0.0,1
cmu2xhlqo00dlvgwhj2fh0hik,paper_copy,0.430,84.7,35.13,88.3,100.0,0.0,1
cmu2xhlzi00dnvgwhxgs56y0g,paper_copy,0.000,91.0,6.24,65.0,52.9,0.0,0
cmu2xhm3o00dpvgwh04he7pc1,paper_copy,0.000,91.0,23.88,65.0,41.0,60.0,1
cmu2xhmbw00drvgwhevxliafx,paper_copy,0.000,91.0,38.42,53.3,100.0,0.0,1
cmu2xhmm200dtvgwhms37mjht,paper_copy,0.000,91.0,9.95,65.0,29.9,0.0,1
cmu2xhmv400dvvgwhckhbda9f,paper_copy,0.480,84.7,173.90,88.3,100.0,0.0,0
cmu2xhn6j00dxvgwhhab5jhme,paper_copy,0.790,91.0,3.76,76.7,100.0,100.0,1
cmu2xhnik00dzvgwh5m2t3939,paper_copy,0.000,91.0,3.84,88.3,100.0,0.0,0
cmu2xhnqt00e1vgwhi13hhbi7,paper_copy,0.770,91.0,4.61,76.7,100.0,100.0,1
cmu2xhnyq00e3vgwhm25kzrgp,paper_copy,0.500,91.0,5.60,88.3,100.0,0.0,1
cmu2xho8z00e5vgwhwdkueejm,paper_copy,0.000,84.7,620.00,88.3,100.0,0.0,0
cmu2xhok300e7vgwh1bwgfit8,paper_copy,0.540,91.0,16.93,76.7,22.6,100.0,0
cmu2xhoux00e9vgwhqc73mosb,paper_copy,0.000,91.0,4.62,65.0,47.7,0.0,0
cmu2xhp6500ebvgwhtsm17kld,paper_copy,0.000,91.0,7.10,65.0,26.9,0.0,1
cmu2xhph700edvgwh86sfph15,paper_copy,0.000,84.7,310.00,65.0,100.0,0.0,0
cmu2xhpsj00efvgwhehrvnki4,paper_copy,0.000,84.7,1972.85,88.3,100.0,0.0,0
cmu2xhq4a00ehvgwhpadv3u25,paper_copy,0.750,91.0,6.81,76.7,92.0,100.0,0
cmu2xhqg400ejvgwh9c8qtjgv,paper_copy,0.000,84.7,21.74,88.3,100.0,0.0,1
cmu2xhqqp00elvgwhx06lbk6d,paper_copy,0.330,91.0,0.97,88.3,26.3,0.0,1
cmu2xhr1o00envgwhk8n4s5cy,paper_copy,0.000,84.7,414.40,76.7,100.0,0.0,0
cmu2xhrcy00epvgwhw3jtsk0g,paper_copy,0.000,91.0,5.92,76.7,100.0,0.0,0
cmu2xhrnx00ervgwhofhp5jzp,paper_copy,0.000,91.0,7.98,76.7,36.7,0.0,1
cmu2xhrrv00etvgwh1b76ge2y,paper_copy,0.000,82.9,183.14,67.3,100.0,0.0,1
cmu2xhs1x00evvgwhtrgumqu4,paper_copy,0.000,91.0,2.92,76.7,84.1,0.0,1
cmu2xhs7b00exvgwha8599znh,paper_copy,0.000,91.0,2.68,76.7,73.5,0.0,0
cmu2xhsbk00ezvgwh2rl789qu,paper_copy,0.000,91.0,52.80,94.2,100.0,50.0,0
cmu2xhsfj00f1vgwh99b6zx7f,paper_copy,0.000,91.0,63.20,93.0,100.0,40.0,0
cmu2xhspo00f3vgwhm8r757j8,paper_copy,0.390,91.0,1.56,76.7,88.0,0.0,0
cmu2xhsyd00f5vgwhbw3uxibi,paper_copy,0.000,91.0,3.61,88.3,100.0,0.0,0
cmu2xhtab00f7vgwh7fh1jutr,paper_copy,0.000,91.0,5.40,76.7,100.0,0.0,1
cmu2xhtke00f9vgwhawz8t9ex,paper_copy,0.000,91.0,6.22,88.3,100.0,0.0,0
cmu2xhtv800fbvgwhuk9obkfg,paper_copy,0.000,91.0,1.80,76.7,39.1,0.0,0
cmu2xhu5z00fdvgwhxghh2fzv,paper_copy,0.000,91.0,2.00,88.3,33.0,0.0,1
cmu2xhuco00ffvgwhcx7rn5ge,paper_copy,0.000,91.0,2.75,76.7,100.0,0.0,1
cmu2xhuno00fhvgwh6l66dker,paper_copy,0.000,91.0,3.42,88.3,100.0,0.0,0
cmu2xhuyc00fjvgwh8m43oqhr,paper_copy,0.000,91.0,1.35,88.3,96.8,0.0,0
cmu2xhv9d00flvgwhau8m2ty2,paper_copy,0.000,84.7,1880.00,88.3,100.0,0.0,1
cmu2xhvdd00fnvgwhkkenrm8x,paper_copy,0.000,91.4,111.89,88.3,100.0,0.0,1
cmu2xhvqw00fpvgwh5xwp56gg,paper_copy,0.000,91.0,3.92,88.3,92.5,0.0,1
cmu2xhvv100frvgwhvizmq3f8,paper_copy,0.000,91.0,154.17,88.3,87.1,0.0,0
cmu2xhw5a00ftvgwh6nbq7up7,paper_copy,0.460,91.9,8.44,88.3,100.0,0.0,0
cmu2xhwgl00fvvgwh6dx87tla,paper_copy,0.000,91.0,6.80,76.7,68.5,0.0,1
cmu2xhwkq00fxvgwhg3oz3doo,paper_copy,0.000,91.0,17.02,76.7,65.7,0.0,1
cmu3ij9vi00016wdv0zxb2nc2,paper_copy,0.000,86.9,832.00,88.3,100.0,0.0,0
cmu3ija6800036wdvu2ch74sh,paper_copy,0.000,85.3,66.56,88.3,100.0,0.0,1
cmu3ijago00056wdv3a35xi4u,paper_copy,0.000,85.5,800.00,88.3,100.0,0.0,1
cmu3ijaqu00076wdvxyzujri5,paper_copy,0.000,90.9,2.69,88.3,100.0,0.0,1
cmu3ijavz00096wdvf66mykpf,paper_copy,0.000,85.5,103.47,88.3,100.0,0.0,0
cmu3ijb0k000b6wdvhquqxr41,paper_copy,0.000,93.5,5.12,76.7,100.0,0.0,1
cmu3ijbbj000d6wdvse63adl8,paper_copy,0.000,92.4,8.28,76.7,100.0,0.0,0
cmu3ijbjs000f6wdv7hx0rux9,paper_copy,0.350,85.1,10.96,76.7,55.8,0.0,0
cmu3ijbow000h6wdvz89hgb30,paper_copy,0.000,93.5,0.92,76.7,20.1,0.0,0
cmu3ijbu1000j6wdvwaixuulu,paper_copy,0.390,93.5,7.24,76.7,100.0,0.0,0
cmu3ijbz5000l6wdvrjqwjw1j,paper_copy,0.460,85.1,4.92,76.7,100.0,0.0,0
cmu3ijc40000n6wdvyxq9t76e,paper_copy,0.000,85.1,6.30,65.0,37.8,0.0,1
cmu3ijcfb000p6wdvbwn4uwjt,paper_copy,0.520,91.0,17.90,88.3,100.0,0.0,0
cmu3ijcpu000r6wdvoq1zh5ta,paper_copy,0.490,91.0,15.46,76.7,100.0,0.0,1
cmu3ijd0f000t6wdvnvlxt4ur,paper_copy,0.000,85.5,46.53,76.7,100.0,0.0,0
cmu3ijd6q000v6wdv5rfi8rd2,paper_copy,0.630,93.5,3.30,76.7,100.0,100.0,0
cmu3ijdaz000x6wdvn4ua3kv0,paper_copy,0.000,91.0,45.00,88.3,100.0,0.0,0
cmu3ijdeu000z6wdvlpmwgou6,paper_copy,0.000,93.5,4.50,88.3,100.0,0.0,0
cmu3ijdlh00116wdvmpowszba,paper_copy,0.750,91.0,2.59,76.7,100.0,100.0,0
cmu3ijdqo00136wdv9khwklge,paper_copy,0.460,91.0,0.10,88.3,79.8,0.0,0
cmu3ijdvk00156wdvpbg9nr46,paper_copy,0.380,91.0,1.38,65.0,77.1,0.0,0
cmu3ije6u00176wdvg4ptwy0f,paper_copy,0.000,91.0,5.82,88.3,36.8,0.0,0
cmu3ijec700196wdvxq5m7lla,paper_copy,0.770,91.0,6.61,76.7,100.0,100.0,1
cmu3ijeic001b6wdv4gbsdnhn,paper_copy,0.400,91.0,63.18,88.3,60.5,0.0,1
cmu3ijen0001d6wdvliepvdnj,paper_copy,0.530,93.5,10.66,76.7,100.0,45.0,0
cmu3ijexb001f6wdvto17tdfg,paper_copy,0.350,93.5,28.57,60.3,20.9,40.0,0
cmu3ijf1a001h6wdvsmqi3s51,paper_copy,0.390,91.0,21.30,65.0,59.8,0.0,0
cmu3ijgfl001j6wdvvzwvgura,paper_copy,0.760,91.0,14.21,76.7,100.0,100.0,1
cmu3ijguq001l6wdvq966rhhg,paper_copy,0.000,91.4,125.92,88.3,100.0,0.0,1
cmu3ijh5k001n6wdv9mwnl8a3,paper_copy,0.350,91.0,2.88,76.7,62.1,0.0,0
cmu3ijhfo001p6wdvopmw57sq,paper_copy,0.640,91.0,3.23,76.7,58.5,100.0,1
cmu3ijhqp001r6wdvcpm131mx,paper_copy,0.510,91.0,2.29,88.3,100.0,0.0,1
cmu3iji26001t6wdvtj01820f,paper_copy,0.000,91.0,97.94,88.3,100.0,0.0,1
cmu3ijic1001v6wdvtcwgxxem,paper_copy,0.000,91.0,22.80,76.7,100.0,0.0,0
cmu3ijig7001x6wdv4zzuv5bl,paper_copy,0.000,88.8,161.28,88.3,100.0,0.0,1
cmu3ijmhk001z6wdv1a5cwdjo,paper_copy,0.000,88.8,38.00,76.7,100.0,0.0,0
cmu3ijmrn00216wdvfxkwrnpi,paper_copy,0.490,91.0,5.02,88.3,88.6,0.0,1
cmu3ijn2200236wdvfa0hdjld,paper_copy,0.460,91.0,5.97,65.0,100.0,0.0,0
cmu3ijnfe00256wdvujnbexo5,paper_copy,0.000,91.0,12.44,76.7,35.9,100.0,1
cmu3ijnq800276wdvo38715me,paper_copy,0.000,91.0,1.95,65.0,100.0,0.0,0
cmu3ijo0q00296wdvzxaxmfhq,paper_copy,0.000,84.7,1500.00,88.3,100.0,0.0,0
cmu3ijo4r002b6wdvs86zz2yw,paper_copy,0.000,91.4,124.03,88.3,100.0,0.0,0
cmu3ijocw002d6wdvuwlednhi,paper_copy,0.000,91.0,6.32,88.3,32.1,0.0,0
cmu3ijong002f6wdvmxb0zk6j,paper_copy,0.000,91.0,7.30,41.7,29.2,0.0,0
cmu3ijowx002h6wdvm2nt4xdg,paper_copy,0.000,91.0,16.80,76.7,96.8,0.0,1
cmu3ijp7m002j6wdvm1f6y0fi,paper_copy,0.740,91.0,7.58,76.7,85.6,100.0,1
cmu3ijpia002l6wdv5tpri12p,paper_copy,0.000,84.7,17.21,88.3,100.0,0.0,1
cmu3ijpsk002n6wdvjvrksbct,paper_copy,0.700,88.8,174.81,80.2,100.0,90.0,1
cmu3ijq37002p6wdvxs0rp64j,paper_copy,0.800,91.0,1.26,76.7,100.0,100.0,0
cmu3ijqbx002r6wdvh0en96zg,paper_copy,0.000,88.8,0.20,76.7,100.0,0.0,0
cmu3ijqmi002t6wdvxfahop0b,paper_copy,0.000,91.0,35.52,88.3,100.0,0.0,0
cmu3ijqww002v6wdvvkap5td7,paper_copy,0.000,91.0,31.59,88.3,100.0,0.0,0
cmu3ijr80002x6wdvzott5a09,paper_copy,0.780,91.0,3.92,76.7,100.0,100.0,0
cmu3ijrio002z6wdvjl5js5sb,paper_copy,0.000,91.0,14.00,41.7,23.8,0.0,0
cmu3ijrtk00316wdvq383u2ew,paper_copy,0.000,91.0,5.52,76.7,53.9,0.0,1
cmu3ijs3w00336wdvbddrnsfd,paper_copy,0.000,80.9,26.00,53.3,96.1,0.0,1
cmu3ijs7l00356wdv7azgmsti,paper_copy,0.000,91.0,5.62,76.7,54.7,0.0,1
cmu3ijsi800376wdvvqbqzfhx,paper_copy,0.000,80.9,51.36,76.7,93.8,0.0,0
cmu3ijssu00396wdvjgmrxvi2,paper_copy,0.000,80.9,520.00,41.7,100.0,0.0,1
cmu3ijswq003b6wdv5sgegsdq,paper_copy,0.000,80.9,20.82,53.3,90.6,0.0,1
cmu3ijt7k003d6wdvjuzxwp0t,paper_copy,0.580,80.9,45.82,88.3,100.0,0.0,1
cmu3ijtdn003f6wdvroijvn40,paper_copy,0.520,80.9,6.82,88.3,100.0,0.0,0
cmu3ijthi003h6wdv22kbpfb2,paper_copy,0.000,80.9,9.87,76.7,68.2,0.0,0
cmu3ijtli003j6wdvtbqcw9ds,paper_copy,0.000,80.9,5.18,53.3,70.7,0.0,1
cmu3ijtpb003l6wdvwvzr9n7g,paper_copy,0.000,80.9,1.73,41.7,100.0,0.0,1
cmu3ijtt4003n6wdvwpsm15nr,paper_copy,0.000,80.9,118.92,88.3,100.0,0.0,1
cmu3ijtxr003p6wdvpjj2pw2d,paper_copy,0.520,80.9,1.32,88.3,100.0,0.0,0
cmu3iju8n003r6wdv1wy9ie7v,paper_copy,0.000,84.7,4100.00,88.3,100.0,0.0,1
cmu3ijujh003t6wdvayb2wqan,paper_copy,0.000,84.7,2000.00,88.3,100.0,0.0,0
cmu3ijund003v6wdvegfmwb76,paper_copy,0.000,91.4,125.42,88.3,100.0,0.0,0
cmu3ijuyb003x6wdv2kmg0w3r,paper_copy,0.000,84.7,1.20,88.3,100.0,0.0,0
cmu3ijv8r003z6wdvpdmuqb4p,paper_copy,0.520,91.2,74.82,88.3,100.0,0.0,0
cmu3ijvck00416wdv7fukfkor,paper_copy,0.520,91.2,7.86,88.3,100.0,0.0,0
cmu3ijvio00436wdvbb1wyrvw,paper_copy,0.520,91.2,39.29,88.3,100.0,0.0,0
cmu3ijvtv00456wdv4oqrr2q7,paper_copy,0.000,84.7,630.00,88.3,100.0,0.0,1
cmu3ijvxn00476wdv40finuev,paper_copy,0.520,91.2,7.86,88.3,100.0,0.0,0
cmu3ijw1r00496wdvckov4qsg,paper_copy,0.520,91.2,18.23,88.3,100.0,0.0,0
cmu3ijw5i004b6wdvt2j2h3kg,paper_copy,0.520,91.2,7.92,88.3,100.0,0.0,0
cmu3ijw9e004d6wdv87zuep8u,paper_copy,0.520,91.2,0.79,88.3,100.0,0.0,0
cmu3ijwde004f6wdvuckz8nnm,paper_copy,0.000,84.7,2604.97,88.3,100.0,0.0,1
cmu3ijwh7004h6wdvwu6r9hv2,paper_copy,0.520,91.2,2.36,88.3,100.0,0.0,0
cmu3ijwun004j6wdvcrmmmy0s,paper_copy,0.000,84.7,48.00,76.7,99.6,0.0,1
cmu3ijwyh004l6wdvmk1hpstu,paper_copy,0.520,91.2,0.79,88.3,100.0,0.0,0
cmu3ijx2e004n6wdv6wgrsypo,paper_copy,0.520,91.2,3.93,88.3,100.0,0.0,0
cmu3ijx68004p6wdvy8tulc2o,paper_copy,0.520,91.2,22.44,88.3,100.0,0.0,0
cmu3ijxa0004r6wdv78c6xzee,paper_copy,0.520,91.2,6.60,88.3,100.0,0.0,0
cmu3ijxep004t6wdvbld6gx2l,paper_copy,0.520,91.2,1.57,88.3,100.0,0.0,0
cmu3ijxim004v6wdvxjx13lkd,paper_copy,0.520,91.2,4.84,88.3,100.0,0.0,0
cmu3ijxmb004x6wdvt68y1kpv,paper_copy,0.520,91.2,6.29,88.3,100.0,0.0,0
cmu3ijxw8004z6wdvcn13qgpe,paper_copy,0.000,91.4,18.80,88.3,88.8,0.0,1
cmu3ijxzy00516wdv1nhsuyzy,paper_copy,0.520,91.2,18.92,88.3,100.0,0.0,0
cmu3ijya100536wdvx5ouyi9j,paper_copy,0.000,72.6,6.21,76.7,100.0,0.0,0
cmu3ijykl00556wdvph7k1rmo,paper_copy,0.000,84.7,1.73,53.3,100.0,0.0,1
cmu3ijyot00576wdvss4yt2f7,paper_copy,0.520,91.2,7.48,88.3,100.0,0.0,0
cmu3ijysm00596wdvgaaeos7n,paper_copy,0.800,91.4,19.88,76.7,76.1,100.0,1
cmu3ijz18005b6wdva4z7ye10,paper_copy,0.490,91.2,4.71,88.3,100.0,0.0,0
cmu3ijz8l005d6wdvk60mchcj,paper_copy,0.520,91.2,7.48,88.3,100.0,0.0,0
cmu3ijzcq005f6wdvhtmurjux,paper_copy,0.800,91.4,19.40,76.7,73.7,100.0,1
cmu3ijzgn005h6wdvzg8qimlb,paper_copy,0.490,91.2,1.60,88.3,100.0,0.0,0
cmu3ijzkl005j6wdvbsyulgw1,paper_copy,0.520,91.2,1017.06,88.3,100.0,0.0,0
cmu3ijzxl005l6wdvw29umsjk,paper_copy,0.000,72.6,1.14,88.3,29.9,0.0,0
cmu3ik01h005n6wdv76tqtprh,paper_copy,0.700,91.4,0.12,76.7,31.5,100.0,1
cmu3ik059005p6wdvqcgw5byg,paper_copy,0.000,91.2,1.60,88.3,100.0,0.0,0
cmu3ik095005r6wdv24y94ry4,paper_copy,0.500,91.2,37.84,88.3,100.0,0.0,0
cmu3ik0hw005t6wdvbn9oi20y,paper_copy,0.000,72.6,23.45,76.7,58.9,0.0,0
cmu3ik0m4005v6wdvlbk0wjh1,paper_copy,0.000,72.6,0.07,88.3,25.9,0.0,0
cmu3ik0q2005x6wdv8t7wmcma,paper_copy,0.490,91.4,19.16,65.0,81.8,0.0,1
cmu3ik0y3005z6wdv14mk2wtv,paper_copy,0.000,72.6,9.66,65.0,26.4,0.0,1
cmu3ik18c00616wdv0b7w53yw,paper_copy,0.000,72.6,15.40,88.3,59.7,0.0,0
cmu3ik1gj00636wdvg9ta8jnh,paper_copy,0.000,72.6,4.02,53.3,65.5,0.0,1
cmu3ik1oj00656wdvygqasr8y,paper_copy,0.000,72.6,2.33,76.7,100.0,0.0,1
cmu3ik1se00676wdvxlvdyag9,paper_copy,0.520,91.2,37.84,88.3,100.0,0.0,0
cmu3ik1w600696wdvq5fwsmqm,paper_copy,0.520,91.2,44.00,88.3,100.0,0.0,0
cmu3ik20b006b6wdv6n4e47b4,paper_copy,0.520,91.2,22.44,88.3,100.0,0.0,0
cmu3ik244006d6wdvys0pbwq1,paper_copy,0.520,91.2,0.88,88.3,100.0,0.0,0
cmu3ik27v006f6wdv0l5yaax7,paper_copy,0.520,91.2,104.28,88.3,100.0,0.0,0
cmu3ik2bp006h6wdvtvnmhpr6,paper_copy,0.520,91.2,12.41,88.3,100.0,0.0,0
cmu3ik2fj006j6wdv5sexlsal,paper_copy,0.520,91.2,15.71,88.3,100.0,0.0,0
cmu3ik2pm006l6wdvu5qkfk0y,paper_copy,0.560,90.1,13.20,76.7,61.6,100.0,0
cmu3ik2tg006n6wdvvauvm2ls,paper_copy,0.520,91.2,3.96,88.3,100.0,0.0,0
cmu3ik2xb006p6wdvs2cr6cov,paper_copy,0.520,91.2,2.51,88.3,100.0,0.0,0
cmu3ik35v006r6wdvptbc8gbc,paper_copy,0.000,93.7,26.58,65.0,40.9,0.0,0
cmu3ik3gn006t6wdvgk2a4p7u,paper_copy,0.000,93.7,9.10,65.0,58.8,0.0,1
cmu3ik3kp006v6wdvd3hbhloj,paper_copy,0.520,91.2,19.64,88.3,100.0,0.0,0
cmu3ik3vf006x6wdv05lkyc8a,paper_copy,0.000,93.7,4.55,88.3,100.0,0.0,1
cmu3ik3z8006z6wdvbl2tu99z,paper_copy,0.520,91.2,12.41,88.3,100.0,0.0,0
cmu3ik43000716wdva70xvqps,paper_copy,0.520,91.2,12.41,88.3,100.0,0.0,0
cmu3ik46x00736wdvyh2ektvm,paper_copy,0.000,90.1,11.19,65.0,35.7,0.0,0
cmu3ik4b600756wdvblqo3eia,paper_copy,0.520,91.2,7.86,88.3,100.0,0.0,0
cmu3ik4f400776wdvl3n0aj4c,paper_copy,0.000,91.2,29.23,88.3,100.0,0.0,0
cmu3ik4ji00796wdvav0z3sxg,paper_copy,0.520,91.2,6.25,88.3,100.0,0.0,0
cmu3ik4nj007b6wdvjjxy1tol,paper_copy,0.000,90.1,4.82,53.3,20.2,0.0,1
cmu3ik4rj007d6wdvzn391ygt,paper_copy,0.000,90.1,18.06,65.0,36.9,0.0,0
cmu3ik4vb007f6wdvaaqvtrbi,paper_copy,0.000,90.1,5.32,41.7,45.4,0.0,0
cmu3ik523007h6wdv04h2ic2u,paper_copy,0.000,90.1,7.30,41.7,48.4,0.0,0
cmu3ik56i007j6wdvjfmukga3,paper_copy,0.520,91.2,1362.46,88.3,100.0,0.0,0
cmu3ik5a9007l6wdvgus8ee2n,paper_copy,0.000,90.1,7.20,53.3,33.3,0.0,0
cmu3ik5iv007n6wdvaoigx08m,paper_copy,0.000,90.1,7.30,53.3,30.6,0.0,1
cmu3ik5uf007p6wdvzrw87jkq,paper_copy,0.000,90.1,4.32,88.3,20.1,0.0,0
cmu3ik5y9007r6wdv1jivp9el,paper_copy,0.520,91.2,11.00,88.3,100.0,0.0,0
cmu3ik66z007t6wdv88h3bibo,paper_copy,0.000,90.1,3.91,65.0,36.1,0.0,1
cmu3ik6hl007v6wdv3kdf7thj,paper_copy,0.000,90.1,4.07,88.3,28.5,0.0,0
cmu3ik6lh007x6wdvkcny9q8n,paper_copy,0.000,90.1,7.34,76.7,24.9,100.0,1
cmu3ik6wh007z6wdv5aaljdy0,paper_copy,0.000,90.1,3.64,88.3,100.0,0.0,1
cmu3ik78j00816wdve13oimnk,paper_copy,0.000,90.1,4.51,88.3,100.0,0.0,0
cmu3ik7ch00836wdvwx6vvd2c,paper_copy,0.520,91.2,3.08,88.3,100.0,0.0,0
cmu3ik7u600856wdv0h42jg03,paper_copy,0.000,93.7,17.85,65.0,87.4,0.0,1
cmu3ik7y000876wdvx3h2loix,paper_copy,0.520,91.2,262.13,88.3,100.0,0.0,0
cmu3ik88b00896wdvalnbt2ng,paper_copy,0.000,84.7,305.00,88.3,100.0,0.0,1
cmu3ik8gg008b6wdvo3em7r8s,paper_copy,0.000,90.1,4.04,76.7,100.0,0.0,0
cmu3ik8sj008d6wdvuev1531l,paper_copy,0.000,90.1,2.51,88.3,100.0,0.0,0
cmu3ik933008f6wdvguamq09o,paper_copy,0.000,90.1,5.48,65.0,27.2,0.0,1
cmu3ik9bs008h6wdvh3azyokl,paper_copy,0.000,90.1,3.47,65.0,23.7,0.0,0
cmu3ik9fv008j6wdvoxt1sxtk,paper_copy,0.520,91.2,3.96,88.3,100.0,0.0,0
cmu3ik9qe008l6wdvkt47e0gy,paper_copy,0.000,90.1,4.85,88.3,100.0,0.0,1
cmu3ik9z4008n6wdvn5a5767p,paper_copy,0.500,90.1,3.60,76.7,39.6,100.0,1
cmu3ika2y008p6wdvl2hrc3hj,paper_copy,0.500,90.1,10.80,76.7,39.6,100.0,1
cmu3ika6v008r6wdv4h838fs9,paper_copy,0.000,90.1,6.33,76.7,29.5,100.0,1
cmu3ikah2008t6wdvhzihr97k,paper_copy,0.000,90.1,2.90,76.7,100.0,0.0,1
cmu3ikarq008v6wdvwqn27qol,paper_copy,0.000,90.1,1.78,53.3,24.5,0.0,1
cmu3ikavo008x6wdvrdu9a0bu,paper_copy,0.000,90.1,0.70,53.3,24.9,0.0,1
cmu3ikazi008z6wdvng03ngte,paper_copy,0.000,91.2,1.57,88.3,100.0,0.0,1
cmu3ikb4l00916wdvtq8oahy1,paper_copy,0.000,91.2,3.24,88.3,100.0,0.0,0
cmu3ikbcc00936wdveuerxj6g,paper_copy,0.750,96.7,47.70,72.0,100.0,100.0,0
cmu3ikbgf00956wdv37hyqhx3,paper_copy,0.000,91.2,13460.88,88.3,100.0,0.0,0
cmu3ikbqy00976wdvwekb8d5t,paper_copy,0.000,89.8,47.23,76.7,100.0,0.0,1
cmu3ikc0500996wdvewkg3ve8,paper_copy,0.000,90.1,1.50,76.7,100.0,0.0,1
cmu3ikcah009b6wdvcr3p14cl,paper_copy,0.000,96.7,38.43,88.3,100.0,0.0,0
cmu3ikclh009d6wdvm12l7f0f,paper_copy,0.460,91.2,12.34,88.3,100.0,0.0,0
cmu3ikcpg009f6wdvgyxa2qp5,paper_copy,0.460,91.2,14.25,88.3,100.0,0.0,0
cmu3ikcw3009h6wdvjuunzb76,paper_copy,0.460,91.2,0.30,88.3,100.0,0.0,0
cmu3ikd0i009j6wdv5yfeppdw,paper_copy,0.460,91.2,0.55,88.3,100.0,0.0,0
cmu3ikd4c009l6wdvqx42isu8,paper_copy,0.460,91.2,9.55,88.3,100.0,0.0,0
cmu3ikd85009n6wdv0zp9lu34,paper_copy,0.460,91.2,0.77,88.3,100.0,0.0,0
cmu3ikdc6009p6wdv069mjmf7,paper_copy,0.460,91.2,10.73,88.3,100.0,0.0,0
cmu3ikdfy009r6wdvspdojn03,paper_copy,0.460,91.2,0.44,88.3,100.0,0.0,0
cmu3ikdk1009t6wdv8h7gkafu,paper_copy,0.460,91.2,0.33,88.3,100.0,0.0,0
cmu3ikdo8009v6wdvwucmcpw0,paper_copy,0.520,91.2,45.57,88.3,100.0,0.0,0
cmu3ikdsa009x6wdval7t9bf9,paper_copy,0.520,91.2,20.73,88.3,100.0,0.0,0
cmu3ikdw1009z6wdv0rhprcnb,paper_copy,0.520,91.2,153.51,88.3,100.0,0.0,0
cmu3ikdzy00a16wdve65f5vok,paper_copy,0.520,91.2,6.16,88.3,100.0,0.0,0
cmu3ike9100a36wdv41lc0hx1,paper_copy,0.000,90.1,10.80,53.3,60.5,0.0,1
cmu3iked100a56wdv6anc1c13,paper_copy,0.000,90.1,9.80,88.3,66.2,0.0,1
cmu3ikeib00a76wdvmwnwayzv,paper_copy,0.000,90.1,5.42,53.3,60.5,0.0,1
cmu3ikem500a96wdvx6w3wonq,paper_copy,0.000,90.1,4.92,88.3,66.2,0.0,1
cmu3ikepx00ab6wdv8ecy719k,paper_copy,0.520,91.2,58.35,88.3,100.0,0.0,0
cmu3ikeub00ad6wdvkq6cvuix,paper_copy,0.520,91.2,74.88,88.3,100.0,0.0,0
cmu3ikeya00af6wdv9ieqx8w4,paper_copy,0.520,91.2,3.08,88.3,100.0,0.0,0
cmu3ikf2400ah6wdvf3w5xrrn,paper_copy,0.520,91.2,13.75,88.3,100.0,0.0,0
cmu3ikf6400aj6wdvp5y9symw,paper_copy,0.520,91.2,9.57,88.3,100.0,0.0,0
cmu3ikf9z00al6wdvhpkoq9b6,paper_copy,0.520,91.2,39.71,88.3,100.0,0.0,0
cmu3ikfdu00an6wdvbcfekp34,paper_copy,0.520,91.2,0.82,88.3,100.0,0.0,0
cmu3ikfhq00ap6wdv92qvvzi4,paper_copy,0.520,91.2,6.17,88.3,100.0,0.0,0
cmu3ikfss00ar6wdv4ncfyjw7,paper_copy,0.000,90.1,15.00,53.3,100.0,0.0,1
cmu3ikg3q00at6wdv4u3u2ij7,paper_copy,0.000,90.1,6.66,53.3,100.0,0.0,0
cmu3ikg7w00av6wdvrda9vwi2,paper_copy,0.520,91.2,7.86,88.3,100.0,0.0,0
cmu3ikgbt00ax6wdv0ajzw1nq,paper_copy,0.520,91.2,3.21,88.3,100.0,0.0,0
cmu3ikgny00az6wdv5fwhp7ha,paper_copy,0.000,89.8,20.00,76.7,100.0,0.0,0
cmu3ikgzo00b16wdveqpz0fnt,paper_copy,0.000,90.1,5.32,88.3,96.2,0.0,0
cmu3ikh3p00b36wdv63p6q686,paper_copy,0.000,91.2,39.29,88.3,100.0,0.0,1
cmu3ikhel00b56wdv0u41wi1v,paper_copy,0.000,72.6,1543.51,88.3,100.0,2.3,1
cmu3ikhna00b76wdvexvmcihz,paper_copy,0.000,72.6,1446.51,88.3,100.0,89.8,1
cmu3ikhy200b96wdvovmt3sva,paper_copy,0.000,72.6,1724.91,88.3,100.0,61.9,1
cmu3iki8e00bb6wdv6yn8was8,paper_copy,0.000,72.6,715.05,88.3,100.0,0.0,1
cmu3ikiiz00bd6wdvixh8dbn3,paper_copy,0.000,72.6,620.65,88.3,100.0,0.0,1
cmu3ikitk00bf6wdvv3sjom51,paper_copy,0.000,72.6,1332.84,88.3,100.0,0.0,1
cmu3ikj3w00bh6wdv5pki9sk0,paper_copy,0.410,84.7,0.82,88.3,100.0,0.0,1
cmu3ikjbm00bj6wdvutqq6wrz,paper_copy,0.000,91.2,7.86,88.3,100.0,0.0,1
cmu3ikjg500bl6wdv2cl4ayo2,paper_copy,0.000,84.7,521.59,88.3,100.0,0.0,1
cmu3ikjki00bn6wdvxnt9tiz5,paper_copy,0.000,84.7,7.48,88.3,100.0,0.0,1
cmu3ikjsu00bp6wdv8a518o5n,paper_copy,0.000,84.7,13.76,88.3,100.0,0.0,1
cmu3ikk3j00br6wdvnbzw78tm,paper_copy,0.000,84.7,650.00,88.3,100.0,0.0,1
cmu3ikkdu00bt6wdvfs6avrqb,paper_copy,0.000,90.1,8.37,88.3,100.0,0.0,0
cmu3ikkhv00bv6wdvx8s0jl7w,paper_copy,0.550,90.1,24.12,88.3,100.0,0.0,0
cmu3ikkvs00bx6wdvx1e708qu,paper_copy,0.550,84.7,16.89,76.7,100.0,100.0,0
cmu3ikl1h00bz6wdvkerglery,paper_copy,0.550,84.7,14.34,76.7,100.0,100.0,0
cmu3ikl5w00c16wdvveh1hiso,paper_copy,0.550,84.7,28.84,76.7,100.0,100.0,0
cmu3ikl9s00c36wdvyx0ue58t,paper_copy,0.550,84.7,34.10,76.7,100.0,100.0,0
cmu3ikldl00c56wdvkvft32ig,paper_copy,0.520,91.2,37.41,88.3,100.0,0.0,0
cmu3ikli800c76wdvg4ab3aop,paper_copy,0.000,86.2,545.25,88.3,100.0,0.0,0
cmu3iklre00c96wdvxped34l4,paper_copy,0.000,90.1,6.60,76.7,100.0,0.0,1
cmu3ikm2000cb6wdvrzmtzs0t,paper_copy,0.000,90.1,5.02,88.3,81.3,0.0,0
cmu3ikm5x00cd6wdviz8nsoi5,paper_copy,0.520,91.2,3.80,88.3,100.0,0.0,0
cmu3ikm9p00cf6wdvtejxlace,paper_copy,0.520,91.2,5.08,88.3,100.0,0.0,0
cmu3ikmdh00ch6wdvw1nciwp9,paper_copy,0.520,91.2,33.15,88.3,100.0,0.0,0
cmu3ikmiq00cj6wdvdea5uprv,paper_copy,0.520,91.2,1.10,88.3,100.0,0.0,0
cmu3ikmu300cl6wdvjpy5a40t,paper_copy,0.000,90.1,0.46,76.7,100.0,0.0,0
cmu3ikn4s00cn6wdv9nwnhiyj,paper_copy,0.000,90.1,1.53,88.3,100.0,0.0,1
cmu3ikn8m00cp6wdv7dzqbu9y,paper_copy,0.000,90.1,42.80,76.7,100.0,0.0,0
cmu3iknci00cr6wdvavjz6d91,paper_copy,0.000,90.1,142.77,88.3,100.0,0.0,1
cmu3ikngu00ct6wdvyocglk19,paper_copy,0.520,91.2,0.79,88.3,100.0,0.0,0
cmu3iknku00cv6wdv59nh60dg,paper_copy,0.520,91.2,12.54,88.3,100.0,0.0,0
cmu3iknp800cx6wdvnv4a3ikd,paper_copy,0.520,91.2,15.05,88.3,100.0,0.0,0
cmu3iknz400cz6wdvcerytnqk,paper_copy,0.390,90.1,44.38,88.3,100.0,0.0,0
cmu3iko9p00d16wdvqobedk3j,paper_copy,0.340,90.1,51.39,65.0,100.0,0.0,1
cmu3ikora00d36wdv4lbp5xn9,paper_copy,0.210,90.1,3.60,79.0,73.0,0.0,0
cmu3ikov700d56wdv8i8lmagb,paper_copy,0.520,91.2,3.96,88.3,100.0,0.0,0
cmu3ikoyz00d76wdv8g2gvh4z,paper_copy,0.520,91.2,2.20,88.3,100.0,0.0,0
cmu3ikp9f00d96wdv3ora8mto,paper_copy,0.520,91.2,25.26,88.3,100.0,0.0,0
cmu3ikpdo00db6wdvaygy366x,paper_copy,0.520,91.2,0.79,88.3,100.0,0.0,0
cmu3ikphl00dd6wdvkc3d9pek,paper_copy,0.520,91.2,3.80,88.3,100.0,0.0,0
cmu3ikplf00df6wdvqrftqs1b,paper_copy,0.520,91.2,2.20,88.3,100.0,0.0,0
cmu3ikpw000dh6wdvij68wm6u,paper_copy,0.700,90.1,38.00,65.0,42.4,100.0,1
cmu3ikpzr00dj6wdvhgqkja9m,paper_copy,0.520,91.2,0.88,88.3,100.0,0.0,0
cmu3ikq3j00dl6wdvss552jv2,paper_copy,0.520,91.2,1.43,88.3,100.0,0.0,0
cmu3ikqdz00dn6wdv0a83wjgd,paper_copy,0.000,90.1,3.26,88.3,90.0,0.0,0
cmu3ikqoh00dp6wdvc9dleo4x,paper_copy,0.000,90.1,3.10,76.7,100.0,0.0,0
cmu3ikqzx00dr6wdvjapqscti,paper_copy,0.000,90.1,8.17,76.7,100.0,0.0,1
cmu3ikrb300dt6wdvhqrz4f0g,paper_copy,0.000,90.1,1.88,65.0,100.0,0.0,0
cmu3ikrjz00dv6wdvfdqlicf1,paper_copy,0.000,90.1,4.88,88.3,100.0,0.0,1
cmu3ikrnw00dx6wdv6j9i5o89,paper_copy,0.000,90.1,7.01,88.3,30.0,0.0,1
cmu3ikrwv00dz6wdvn6txky39,paper_copy,0.000,90.1,5.70,88.3,31.9,0.0,1
cmu3iks5q00e16wdvgsej9eac,paper_copy,0.000,90.1,7.60,41.7,47.2,0.0,0
cmu3iksgi00e36wdv736z84gz,paper_copy,0.000,90.1,11.88,76.7,22.7,0.0,1
cmu3iksqx00e56wdvqyqfig07,paper_copy,0.000,90.1,7.96,88.3,84.3,0.0,0
cmu3iksuk00e76wdv843rc0u6,paper_copy,0.520,91.2,18.48,88.3,100.0,0.0,0
cmu3ikt5300e96wdvjeter2xm,paper_copy,0.000,93.7,14.07,41.7,83.3,0.0,0
cmu3iktln00eb6wdvfvfc8gxk,paper_copy,0.000,91.4,114.99,88.3,100.0,0.0,0
cmu3iktwf00ed6wdvhnf0e723,paper_copy,0.370,90.1,0.44,66.2,100.0,0.0,0
cmu3iku7b00ef6wdvui9mteus,paper_copy,0.000,89.8,8.33,30.0,31.7,0.0,1
cmu3ikubo00eh6wdv9zfvzmkk,paper_copy,0.000,90.1,19.20,30.0,31.7,0.0,1
cmu3ikujy00ej6wdv9vfsqt2d,paper_copy,0.760,90.1,6.81,76.7,100.0,100.0,0
cmu3ikutt00el6wdvhc9s6yi6,paper_copy,0.000,90.1,8.54,65.0,100.0,63.7,0
cmu3ikuxo00en6wdvy0qkkory,paper_copy,0.000,90.1,24.67,65.0,100.0,0.0,0
cmu3ikv8e00ep6wdvzuquriy3,paper_copy,0.420,89.8,17.05,53.3,100.0,0.0,1
cmu3ikvgw00er6wdvij3czqon,paper_copy,0.000,90.1,4.12,88.3,35.2,0.0,0
cmu3ikvkr00et6wdvpai3te1k,paper_copy,0.000,90.1,4.32,88.3,35.2,0.0,0
cmu3ikvtv00ev6wdvqepk1d96,paper_copy,0.000,94.2,5.42,65.0,100.0,0.0,0
cmu3ikw3t00ex6wdvmt8ie858,paper_copy,0.490,89.8,27.44,88.3,100.0,0.0,0
cmu3ikweg00ez6wdvpph8ohpt,paper_copy,0.000,94.2,4.72,88.3,100.0,0.0,1
cmu3ikwif00f16wdv1vnqe07o,paper_copy,0.510,94.2,23.02,88.3,100.0,0.0,0
cmu3ikwnd00f36wdv3vf2eqbj,paper_copy,0.740,94.2,20.37,53.3,100.0,100.0,1
cmu3ikwrh00f56wdvtbdb1t96,paper_copy,0.440,94.2,6.89,53.3,100.0,0.0,1
cmu3ikx2600f76wdvywxm4qlp,paper_copy,0.000,94.2,6.40,53.3,100.0,0.0,1
cmu3ikxdc00f96wdva834m1f4,paper_copy,0.000,94.2,23.10,88.3,100.0,0.0,1
cmu3ikxnt00fb6wdvdt2dy042,paper_copy,0.000,89.8,5.88,88.3,43.5,0.0,0
cmu3ikxxy00fd6wdvxqow2iwu,paper_copy,0.000,90.1,5.24,53.3,24.5,0.0,0
cmu3iky2n00ff6wdvi8h0pw6x,paper_copy,0.000,94.2,18.80,76.7,100.0,0.0,1
cmu3iky6j00fh6wdvjxilz02e,paper_copy,0.000,90.1,4.50,65.0,100.0,0.0,1
cmu3ikyhe00fj6wdv5q0lbmvf,paper_copy,0.000,90.1,49.46,76.7,21.1,0.0,1
cmu4xz38m0001fno2odtvmle7,paper_copy,0.000,85.5,24.83,88.3,100.0,0.0,0
cmu4xz3fi0003fno2otvl8y17,paper_copy,0.000,86.9,184.46,88.3,100.0,0.0,0
cmu4xz3kg0005fno2j3b4s95b,paper_copy,0.000,85.1,3.34,65.0,38.3,0.0,0
cmu4xz3pc0007fno2xf80wrq8,paper_copy,0.000,85.1,95.51,88.3,100.0,0.0,1
cmu4xz3ua0009fno2ue3h556h,paper_copy,0.000,85.5,25.89,88.3,100.0,0.0,0
cmu4xz3zr000bfno2wge6gen0,paper_copy,0.570,85.1,95.75,88.3,100.0,0.0,0
cmu4xz447000dfno2oxkrppl4,paper_copy,0.000,93.0,14.86,88.3,100.0,0.0,0
cmu4xz480000ffno271d47len,paper_copy,0.000,93.0,12.60,88.3,100.0,0.0,1
cmu4xz4bu000hfno2crtl9s6r,paper_copy,0.000,80.6,6.32,88.3,100.0,0.0,1
cmu4xz4hf000jfno25tsbz1op,paper_copy,0.520,93.0,7.27,76.7,34.3,100.0,0
cmu4xz4lz000lfno2namtmomn,paper_copy,0.310,85.1,4.43,88.3,28.6,0.0,1
cmu4xz4pw000nfno2xytj6219,paper_copy,0.000,85.1,5.66,76.7,34.3,0.0,0
cmu4xz51m000pfno2nckscapy,paper_copy,0.330,85.1,2.56,76.7,59.6,0.0,0
cmu4xz57z000rfno2jt4unjmu,paper_copy,0.000,85.1,0.89,65.0,27.5,0.0,0
cmu4xz5e0000tfno2u5tdjt53,paper_copy,0.000,85.5,165.29,88.3,100.0,0.0,1
cmu4xz5j5000vfno25qrilyqk,paper_copy,0.780,85.1,5.20,76.7,100.0,100.0,1
cmu4xz5n2000xfno2hyhwx00y,paper_copy,0.700,93.5,7.80,76.7,100.0,100.0,1
cmu4xz5s4000zfno28b04bclp,paper_copy,0.000,93.5,2.55,41.7,45.4,0.0,0
cmu4xz5xa0011fno2nqhxj2lh,paper_copy,0.580,85.1,2.46,76.7,23.7,100.0,1
cmu4xz64k0013fno2b09mify8,paper_copy,0.000,85.1,3.20,88.3,69.6,0.0,1
cmu4xz6fv0015fno2tzq9jdqe,paper_copy,0.350,84.3,6.91,53.3,94.1,0.0,1
cmu4xz6l90017fno21xbz40ev,paper_copy,0.430,84.3,5.06,88.3,84.7,0.0,0
cmu4xz6pe0019fno2l4ryhfos,paper_copy,0.360,93.5,9.77,88.3,84.7,0.0,0
cmu4xz6ul001bfno2rnmpx7hi,paper_copy,0.430,85.1,11.84,88.3,84.7,0.0,0
cmu4xz6z6001dfno2evmpl0xf,paper_copy,0.360,85.1,15.60,53.3,94.1,0.0,1
cmu4xz75c001ffno2gl31542u,paper_copy,0.000,85.5,370.00,88.3,100.0,0.0,0
cmu4xz7a5001hfno2ti8aa6pj,paper_copy,0.350,92.4,13.51,88.3,100.0,0.0,0
cmu4xz7em001jfno2j1k74wxe,paper_copy,0.340,92.4,2.98,88.3,100.0,0.0,0
cmu4xz7q2001lfno243r5knn5,paper_copy,0.000,85.5,64.50,76.7,100.0,0.0,0
cmu4xz80j001nfno2yfohvrhx,paper_copy,0.000,85.5,3658.11,88.3,100.0,0.0,0
cmu4xz8ba001pfno2dbziqn2d,paper_copy,0.000,85.1,4.32,76.7,37.3,0.0,1
cmu4xz8mn001rfno2gc8tfify,paper_copy,0.000,93.5,1.49,76.7,50.8,0.0,1
cmu4xz8yu001tfno23ww0hkmf,paper_copy,0.320,85.1,3.31,88.3,42.8,0.0,1
cmu4xz9a0001vfno2p7x9kfju,paper_copy,0.000,93.5,7.05,41.7,31.5,0.0,1
cmu4xz9ko001xfno2g4udfbsw,paper_copy,0.000,85.3,66.46,88.3,100.0,0.0,1
cmu4xz9qw001zfno22g7zowku,paper_copy,0.490,90.9,0.98,88.3,100.0,0.0,1
cmu4xza280021fno2nkeivm67,paper_copy,0.000,93.5,1.12,76.7,26.1,0.0,1
cmu4xza8c0023fno2i63r3lc7,paper_copy,0.000,93.5,1.22,76.7,76.7,0.0,1
cmu4xzacp0025fno2sey01mop,paper_copy,0.000,85.1,2.94,76.7,26.1,0.0,1
cmu4xzao40027fno2s10v0h2m,paper_copy,0.000,85.1,3.19,76.7,76.7,0.0,1
cmu4xzb0c0029fno2612ymtan,paper_copy,0.000,93.5,6.43,76.7,25.6,100.0,0
cmu4xzbcr002bfno20q7dzsm2,paper_copy,0.520,85.5,0.49,53.3,100.0,0.0,0
cmu4xzbnr002dfno2nazv00z7,paper_copy,0.390,84.3,27.76,76.7,78.4,0.0,1
cmu4xzbxz002ffno2ddah3f3e,paper_copy,0.390,93.5,9.03,88.3,100.0,0.0,0
cmu4xzc2j002hfno23hr8xnwe,paper_copy,0.460,84.3,21.28,88.3,100.0,0.0,0
cmu4xzcci002jfno2ycbncc0p,paper_copy,0.470,93.5,10.80,53.3,36.4,100.0,1
cmu4xzcn2002lfno2kqivicaf,paper_copy,0.000,93.5,3.22,53.3,47.5,0.0,1
cmu4xzcrh002nfno2y0cn7rv0,paper_copy,0.000,93.5,1.77,76.7,31.2,100.0,1
cmu4xzcw3002pfno2zwg997q3,paper_copy,0.320,93.5,5.02,88.3,100.0,0.0,0
cmu4xzd4g002rfno25wmbpbru,paper_copy,0.000,85.5,10.06,76.7,100.0,0.0,0
cmu4xzddo002tfno2pkrluspl,paper_copy,0.000,92.4,15.58,88.3,36.3,0.0,1
cmu4xzdoo002vfno2w3w69e7m,paper_copy,0.210,85.1,1.77,53.3,37.0,0.0,0
cmu4xzdwx002xfno28ea4cs2i,paper_copy,0.000,85.5,585.27,88.3,100.0,0.0,1
cmu4xzee2002zfno2lgtirm3h,paper_copy,0.000,93.5,11.39,41.7,26.0,0.0,1
cmu4xzehy0031fno2zzq8rfcf,paper_copy,0.000,93.5,9.90,41.7,27.6,0.0,0
cmu4xzep80033fno23w3uvw0w,paper_copy,0.370,93.5,2.00,76.7,100.0,0.0,0
cmu4xzeut0035fno25rxhtgag,paper_copy,0.370,93.5,5.42,88.3,100.0,0.0,1
cmu4xzez10037fno2r86jdkwz,paper_copy,0.360,85.1,6.90,53.3,86.2,0.0,0
cmu4xzf3a0039fno2df6yycnc,paper_copy,0.450,85.1,3.66,88.3,100.0,0.0,1
cmu4xzf78003bfno2luaqfvkg,paper_copy,0.000,93.5,1.45,88.3,100.0,0.0,0
cmu4xzfby003dfno2niazn1bc,paper_copy,0.000,93.5,2.06,88.3,100.0,0.0,1
cmu4xzfg1003ffno2er1h6xl7,paper_copy,0.000,91.0,12.60,88.3,100.0,0.0,0
cmu4xzfkd003hfno2yxxydluw,paper_copy,0.000,91.0,22.78,76.7,100.0,0.0,0
cmu4xzfv8003jfno236iyz49q,paper_copy,0.000,93.5,6.55,76.7,100.0,100.0,0
cmu4xzg0a003lfno2sf5tlbwy,paper_copy,0.000,92.4,13.97,88.3,100.0,0.0,0
cmu4xzg76003nfno2wdh0wk5e,paper_copy,0.340,93.5,11.83,88.3,100.0,0.0,1
cmu4xzgbq003pfno2g6sdyvuy,paper_copy,0.450,91.0,23.66,88.3,100.0,0.0,1
cmu4xzgll003rfno2j0uh3o5q,paper_copy,0.390,91.0,18.00,65.0,68.2,0.0,0
cmu4xzgse003tfno2b55z0hji,paper_copy,0.430,91.0,22.20,88.3,90.3,0.0,1
cmu4xzgyz003vfno24ymk8pi7,paper_copy,0.330,93.5,11.10,88.3,90.3,0.0,1
cmu4xzh8w003xfno2eie1cets,paper_copy,0.000,93.5,2.58,65.0,100.0,0.0,1
cmu4xzhd9003zfno21zk8p4bb,paper_copy,0.510,88.8,38.64,88.3,100.0,0.0,0
cmu4xzhh90041fno2uivunp3b,paper_copy,0.550,91.0,77.00,88.3,100.0,0.0,0
cmu4xzhrx0043fno2wj8srh8r,paper_copy,0.500,91.0,1.39,88.3,100.0,0.0,0
cmu4xzhwd0045fno224osygfs,paper_copy,0.450,91.0,2.51,88.3,92.8,0.0,1
cmu4xzi2a0047fno235qudwde,paper_copy,0.740,85.3,66.61,88.3,100.0,95.4,0
cmu4xziec0049fno20o30ja2p,paper_copy,0.380,93.5,5.10,88.3,100.0,0.0,0
cmu4xzj07004bfno2jiz2157u,paper_copy,0.000,91.0,1.53,88.3,100.0,0.0,0
cmu4xzj45004dfno2nrpiqr73,paper_copy,0.500,92.2,149.96,88.3,100.0,0.0,0
cmu4xzjei004ffno2tes4p1ac,paper_copy,0.700,91.0,1.25,76.7,57.9,100.0,0
cmu4xzjvo004hfno2pdld08yw,paper_copy,0.710,91.0,1.84,76.7,73.4,100.0,1
cmu4xzk0p004jfno21pv7kuuj,paper_copy,0.380,91.0,1.50,65.0,58.7,0.0,1
cmu4xzkcw004lfno27n6ctfmy,paper_copy,0.700,91.0,18.98,76.7,75.8,100.0,0
cmu4xzkib004nfno25hhfcnwm,paper_copy,0.000,91.0,15.38,88.3,60.2,0.0,0
cmu4xzkm2004pfno2d5zkicfx,paper_copy,0.370,93.5,1.24,76.7,99.9,0.0,1
cmu4xzkwr004rfno2hmgjp4q9,paper_copy,0.000,91.0,6.10,53.3,37.5,100.0,1
cmu4xzl8k004tfno24zz2oxzb,paper_copy,0.000,93.5,4.73,76.7,91.0,0.0,1
cmu4xzlcv004vfno29qpurmei,paper_copy,0.000,91.0,38.99,88.3,100.0,0.0,0
cmu4xzlho004xfno21hsdw9m6,paper_copy,0.000,91.0,351.00,88.3,100.0,0.0,1
cmu4xzp83004zfno2c4qzlzi9,paper_copy,0.000,90.1,15.77,88.3,27.6,0.0,0
cmu4xzpif0051fno205l5idoh,paper_copy,0.000,90.1,6.71,76.7,80.8,0.0,1
cmu4xzpt40053fno2dnqykd3v,paper_copy,0.000,90.1,1.19,65.0,28.0,0.0,1
cmu4xzq430055fno2na2mtipg,paper_copy,0.000,94.2,21.00,65.0,30.4,0.0,1
cmu4xzqej0057fno21q2do1r6,paper_copy,0.000,81.0,1.30,53.3,66.2,0.0,0
cmu4xzqib0059fno2x9uhp8kc,paper_copy,0.550,81.0,1.10,53.3,66.2,100.0,0
cmu4xzqvb005bfno21k8iujrx,paper_copy,0.370,94.2,4.62,41.7,57.8,0.0,0
cmu4xzr3q005dfno2r2ymcbh8,paper_copy,0.480,91.2,1.95,88.3,100.0,0.0,0
cmu4xzre4005ffno20gjy8g0v,paper_copy,0.350,94.2,7.88,61.5,56.0,0.0,1
cmu4xzrp1005hfno2zetl2gix,paper_copy,0.000,94.2,5.92,76.7,21.5,0.0,1
cmu4xzs09005jfno2jozeie3l,paper_copy,0.410,90.1,4.36,88.3,100.0,0.0,1
cmu4xzs4j005lfno2ic4ope5u,paper_copy,0.000,90.1,12.83,41.7,24.3,0.0,0
cmu4xzs8q005nfno2sgmp32e5,paper_copy,0.000,91.2,2.77,88.3,100.0,0.0,0
cmu4xzsds005pfno2sav6ubsw,paper_copy,0.000,91.2,0.98,88.3,100.0,0.0,0
cmu4xzsmb005rfno2yntnp7r8,paper_copy,0.000,94.2,3.61,88.3,100.0,0.0,0
cmu4xzswg005tfno2l4pcbwox,paper_copy,0.000,81.0,0.98,88.3,100.0,0.0,0
cmu4xzt0g005vfno2gqqi3b2m,paper_copy,0.000,91.2,33.10,88.3,100.0,0.0,0
cmu4xztat005xfno2wvw51yhd,paper_copy,0.000,90.1,73.76,41.7,25.7,0.0,1
cmu4xztlq005zfno27zeyvdog,paper_copy,0.000,90.1,104.00,53.3,35.0,0.0,0
cmu4xzu010061fno249o7vrx0,paper_copy,0.000,90.1,10.40,88.3,100.0,0.0,0
cmu4xzu9f0063fno2lff0r2z4,paper_copy,0.000,94.2,7.60,76.7,69.3,0.0,1
cmu4xzuib0065fno240uvkrue,paper_copy,0.000,94.2,25.97,88.3,100.0,0.0,1
cmu4xzumg0067fno2wm6s9ghm,paper_copy,0.000,94.2,6.49,88.3,100.0,0.0,1
cmu4xzuvq0069fno26a9b8v40,paper_copy,0.000,91.4,1000.00,88.3,100.0,0.0,0
cmu4xzuzs006bfno2lcebyx5p,paper_copy,0.480,91.2,14.67,88.3,100.0,0.0,0
cmu4xzvaw006dfno2hxgwasjb,paper_copy,0.000,94.2,3.10,76.7,100.0,0.0,0
cmu4xzvlr006ffno23dq4uqch,paper_copy,0.000,94.2,21.60,88.3,100.0,0.0,1
cmu4xzvuc006hfno2nfm0d951,paper_copy,0.420,90.1,8.60,76.7,86.0,0.0,0
cmu4xzvyq006jfno20hgjhf93,paper_copy,0.480,91.2,159.33,88.3,100.0,0.0,0
cmu4xzw7l006lfno2cz25qwmz,paper_copy,0.000,95.3,836.04,88.3,100.0,0.0,0
cmu4xzwcj006nfno26d2jyr4c,paper_copy,0.000,91.2,23.73,88.3,100.0,0.0,0
cmu4xzwkf006pfno2jl0ly8s1,paper_copy,0.000,90.2,199.01,88.3,100.0,0.0,1
cmu4xzwoj006rfno2u4coqrcv,paper_copy,0.000,91.2,6.21,88.3,100.0,0.0,0
cmu4xzwze006tfno2cjtnkp90,paper_copy,0.000,90.1,20.80,88.3,100.0,0.0,1
cmu4xzx9x006vfno20ilfyrfg,paper_copy,0.000,90.1,24.88,88.3,94.3,0.0,0
cmu4xzxi5006xfno261d22vm8,paper_copy,0.350,90.1,6.61,76.7,100.0,0.0,1
cmu4xzxtc006zfno2wulf3lhz,paper_copy,0.410,94.2,5.80,65.0,85.8,0.0,1
cmu4xzxy00071fno2tc7p9xay,paper_copy,0.310,90.1,36.81,65.0,85.8,0.0,1
cmu4xzy2c0073fno2ly55bgfc,paper_copy,0.410,94.2,5.60,65.0,85.8,0.0,1
cmu4xzydi0075fno2gyu75m66,paper_copy,0.000,85.3,102.30,76.7,100.0,0.0,0
cmu4xzyhn0077fno2pw90lw0x,paper_copy,0.730,94.2,7.86,76.7,100.0,100.0,1
cmu4xzyrf0079fno2qi7kao42,paper_copy,0.000,90.1,8.04,65.0,39.9,0.0,1
cmu4xzyvm007bfno2gv3ygvyr,paper_copy,0.000,91.2,8.18,88.3,100.0,0.0,0
cmu4xzyze007dfno2raszo5bk,paper_copy,0.000,91.2,9.82,88.3,100.0,0.0,0
cmu4xzz5o007ffno21wz268l5,paper_copy,0.000,91.2,0.82,88.3,100.0,0.0,0
cmu4xzz9m007hfno2tq4fqbbs,paper_copy,0.000,91.2,0.82,88.3,100.0,0.0,0
cmu4xzzdb007jfno2w05weaoe,paper_copy,0.000,91.2,1698.49,88.3,100.0,0.0,0
cmu4xzzmv007lfno2yu82m73r,paper_copy,0.000,90.9,1000.00,88.3,100.0,0.0,1
cmu4xzzxk007nfno2ubd5a05v,paper_copy,0.000,90.1,1.44,76.7,100.0,0.0,1
cmu4y0107007pfno20vudbyeo,paper_copy,0.000,90.1,10.20,76.7,22.1,100.0,0
cmu4y01ax007rfno23465bisl,paper_copy,0.000,94.2,3.45,65.0,58.9,0.0,1
cmu4y01ko007tfno2z9juzfaq,paper_copy,0.000,94.2,6.12,88.3,46.4,0.0,0
cmu4y01y8007vfno2idkxgt88,paper_copy,0.000,75.6,4.34,53.3,100.0,0.0,1
cmu4y028u007xfno26ybe0wvp,paper_copy,0.000,94.2,3.40,76.7,100.0,0.0,0
cmu4y02j9007zfno24aej7lfi,paper_copy,0.000,94.2,3.40,76.7,100.0,0.0,0
cmu4y02u80081fno2wxm3n0zq,paper_copy,0.480,91.2,15.92,88.3,100.0,0.0,0
cmu4y035u0083fno2lixczw51,paper_copy,0.000,94.2,6.71,88.3,100.0,0.0,0
cmu4y039l0085fno2mk8o54f4,paper_copy,0.480,91.2,9.78,88.3,100.0,0.0,0
cmu4y03eq0087fno29laawqhd,paper_copy,0.000,94.2,6.71,88.3,100.0,0.0,0
cmu4y03pz0089fno2yv5r6pxs,paper_copy,0.000,75.6,2.09,53.3,48.9,0.0,0
cmu4y03yq008bfno23x9xntk9,paper_copy,0.000,90.1,15.60,88.3,67.8,0.0,0
cmu4y049f008dfno2ynypkh3y,paper_copy,0.000,75.6,4.59,41.7,100.0,0.0,1
cmu4y04kd008ffno251f8k33n,paper_copy,0.000,90.1,6.13,88.3,100.0,0.0,1
cmu4y04o6008hfno2s8wos7hy,paper_copy,0.000,91.2,2.41,88.3,100.0,0.0,1
cmu4y05sc008jfno24lcaouur,paper_copy,0.000,91.2,4.89,88.3,100.0,0.0,0
cmu4y0633008lfno2ib48wvpb,paper_copy,0.000,90.1,10.25,76.7,45.7,0.0,0
cmu4y06d5008nfno2fq3cygxc,paper_copy,0.000,90.1,14.21,65.0,38.8,0.0,1
cmu4y06hf008pfno2h0zxpeiw,paper_copy,0.000,91.2,2.29,88.3,100.0,0.0,1
cmu4y06lq008rfno20jru4eug,paper_copy,0.000,91.2,7852.42,88.3,100.0,0.0,0
cmu4y06qg008tfno2kued6b9u,paper_copy,0.000,91.2,26.00,88.3,100.0,0.0,0
cmu4y070u008vfno23xw2rjjr,paper_copy,0.000,90.1,3.41,88.3,82.5,0.0,0
cmu4y07at008xfno23n5e3enx,paper_copy,0.000,90.1,7.80,76.7,100.0,100.0,1
cmu4y07ff008zfno25hj65k78,paper_copy,0.480,91.2,11.74,88.3,100.0,0.0,0
cmu4y07je0091fno222kwbqct,paper_copy,0.000,91.2,15.00,88.3,100.0,0.0,0
cmu4y07va0093fno243pxvs9x,paper_copy,0.000,89.8,2.21,65.0,100.0,0.0,0
cmu4y084o0095fno2xh3xysg5,paper_copy,0.000,91.4,53.90,88.3,100.0,0.0,1
cmu4y08970097fno27yp2lh23,paper_copy,0.480,91.2,46.64,88.3,100.0,0.0,0
cmu4y08de0099fno2yyt4imua,paper_copy,0.000,91.2,22885.36,88.3,100.0,0.0,1
cmu4y08hi009bfno2rz55yzzi,paper_copy,0.000,91.2,28769.15,88.3,100.0,0.0,0
cmu4y0906009dfno26ayrfln1,paper_copy,0.000,90.1,1.68,65.0,67.9,0.0,0
cmu4y09bz009ffno2e3q1le27,paper_copy,0.000,90.1,2.01,65.0,67.6,0.0,0
cmu4y09m5009hfno2h6xctarh,paper_copy,0.000,94.2,4.30,30.0,33.9,100.0,1
cmu4y09vf009jfno2w89o2dtd,paper_copy,0.000,86.3,5.92,76.7,85.7,0.0,0
cmu4y0a5u009lfno2wlsx3g2m,paper_copy,0.450,90.1,2.80,76.7,34.6,100.0,0
cmu4y0aa8009nfno2ri5gt7ij,paper_copy,0.450,90.1,1.40,76.7,34.6,100.0,0
cmu4y0aiz009pfno2kh45xcxt,paper_copy,0.610,90.1,8.18,76.7,100.0,100.0,1
cmu4y0an0009rfno21k7hyvfj,paper_copy,0.000,91.2,10.02,88.3,100.0,0.0,0
cmu4y0ayl009tfno2l5s5pflc,paper_copy,0.000,88.5,491.20,41.7,100.0,0.0,0
cmu4y0b38009vfno2wuc38g63,paper_copy,0.000,88.5,51.11,41.7,100.0,0.0,0
cmu4y0bel009xfno2030c76fg,paper_copy,0.000,90.1,6.39,65.0,31.8,0.0,1
cmu4y0bpm009zfno2zop9y7z9,paper_copy,0.000,90.1,13.82,76.7,100.0,0.0,1
cmu4y0c3100a1fno2dkrjxo09,paper_copy,0.000,94.2,7.50,88.3,100.0,0.0,0
cmu4y0cgi00a3fno29v56mx68,paper_copy,0.000,86.3,4.08,53.3,100.0,0.0,1
cmu4y0cq000a5fno2ty5bswfd,paper_copy,0.000,90.1,78.69,65.0,100.0,0.0,1
cmu4y0d2h00a7fno22o22s1l4,paper_copy,0.000,94.2,5.62,88.3,100.0,0.0,0
cmu4y0db200a9fno2g4r0guex,paper_copy,0.840,86.3,19.30,76.7,100.0,100.0,0
cmu4y0dlw00abfno2yxgpy5dr,paper_copy,0.000,90.1,3.06,53.3,100.0,0.0,1
cmu4y0dq200adfno2e0bou10n,paper_copy,0.480,91.2,591.35,88.3,100.0,0.0,0
cmu4y0dus00affno2cqpc3jln,paper_copy,0.480,91.2,2443.66,88.3,100.0,0.0,0
cmu4y0e3f00ahfno2ccb09nkn,paper_copy,0.000,90.9,39450.49,88.3,100.0,0.0,1
cmu4y0edi00ajfno2aw4gucnb,paper_copy,0.800,86.3,7.01,76.7,100.0,100.0,1
cmu4y0eqo00alfno2i0x9gt2i,paper_copy,0.000,90.1,14.21,65.0,100.0,0.0,0
cmu4y0f1400anfno2u3mq4bt1,paper_copy,0.000,90.1,12.24,76.7,100.0,0.0,1
cmu4y0fbc00apfno261j2rvbo,paper_copy,0.000,94.2,7.59,76.7,100.0,0.0,0
cmu4y0ffq00arfno2pd89kciy,paper_copy,0.000,92.3,124.85,88.3,100.0,0.0,1
cmu4y0flm00atfno208vup169,paper_copy,0.000,87.6,1421.00,88.3,100.0,0.0,0
cmu4y0fpq00avfno2pfyxr545,paper_copy,0.000,87.6,1448.30,88.3,100.0,0.0,1
cmu4y0g0900axfno27emo755k,paper_copy,0.000,94.2,7.08,30.0,100.0,0.0,0
cmu4y0g4z00azfno2in1s52ly,paper_copy,0.000,94.2,6.89,88.3,100.0,0.0,1
cmu4y0ggz00b1fno2ulls7edt,paper_copy,0.000,94.2,3.90,65.0,100.0,0.0,1
cmu4y0gsj00b3fno2iafm7wow,paper_copy,0.000,82.1,2948.23,88.3,100.0,0.0,1
cmu4y0h3b00b5fno2so56r1m1,paper_copy,0.710,94.2,9.16,91.8,100.0,50.0,1
cmu4y0hdj00b7fno2bdt63vge,paper_copy,0.000,94.2,8.76,88.3,100.0,0.0,1
cmu4y0hog00b9fno2lk61mks9,paper_copy,0.800,86.3,5.25,76.7,85.6,100.0,1
cmu4y0hua00bbfno247lvkmui,paper_copy,0.000,90.9,1000.00,88.3,100.0,0.0,0
cmu4y0i6800bdfno2bkwcis83,paper_copy,0.780,94.2,4.80,76.7,100.0,100.0,1
cmu4y0ih300bffno25if275cs,paper_copy,0.000,86.3,7.52,53.3,25.8,0.0,0
cmu4y0irw00bhfno225fhbtvm,paper_copy,0.000,71.9,216.04,88.3,100.0,0.0,1
cmu4y0j3700bjfno2aszyozvv,paper_copy,0.530,94.2,9.57,82.5,100.0,0.0,1
cmu4y0je800blfno21y371b9x,paper_copy,0.000,86.3,6.42,88.3,100.0,0.0,0
cmu4y0jif00bnfno26cebkkaf,paper_copy,0.530,94.2,9.57,82.5,100.0,0.0,1
cmu4y0jmw00bpfno2lpomuptd,paper_copy,0.000,86.3,25.67,88.3,100.0,0.0,0
cmu4y0jr500brfno271vg5tu0,paper_copy,0.000,92.3,5400.00,88.3,100.0,0.0,1
cmu4y0jvf00btfno2noc6uw1x,paper_copy,0.000,92.3,47.30,88.3,100.0,0.0,0
cmu4y0k5y00bvfno293mhap3d,paper_copy,0.000,86.3,9.24,88.3,100.0,0.0,1
cmu4y0kgj00bxfno2jwz6acce,paper_copy,0.000,89.5,15.90,53.3,100.0,0.0,0
cmu4y0kp200bzfno2yydl6lqm,paper_copy,0.000,89.5,89.75,33.5,100.0,0.0,1
cmu4y0ky200c1fno24byzlgsd,paper_copy,0.820,86.3,15.40,76.7,100.0,100.0,1
cmu4y0l7000c3fno2ugow0owt,paper_copy,0.000,94.2,8.06,30.0,73.0,0.0,1
cmu4y0li500c5fno2axq3lehb,paper_copy,0.000,94.2,6.13,76.7,100.0,0.0,0
cmu4y0ltd00c7fno2f8q06w58,paper_copy,0.000,86.3,3.06,88.3,100.0,0.0,0
cmu4y0lxt00c9fno2s66ms3r7,paper_copy,0.000,94.2,6.81,76.7,100.0,0.0,0
cmu4y0m1t00cbfno26pw6pxnv,paper_copy,0.000,94.2,8.70,30.0,73.0,0.0,1
cmu4y0mcp00cdfno2rlp2fj2l,paper_copy,0.000,94.2,8.03,53.3,76.8,0.0,0
cmu4y0mp200cffno281xh5svv,paper_copy,0.000,86.3,2.81,76.7,100.0,0.0,1
cmu4y0n0400chfno2htveuzqo,paper_copy,0.000,86.3,4.38,88.3,21.0,0.0,1
cmu4y0nan00cjfno2ijs9ew93,paper_copy,0.000,90.9,1000.00,88.3,100.0,0.0,1
cmu4y0ney00clfno201ivzd1a,paper_copy,0.000,91.4,1000.00,88.3,100.0,0.0,1
cmu4y0np700cnfno22kc0jxc7,paper_copy,0.000,86.3,9.43,76.7,36.0,0.0,1
cmu4y0nzy00cpfno2qsypghxm,paper_copy,0.000,86.3,5.13,88.3,25.3,0.0,0
cmu4y0oaz00crfno2dd2eu3j2,paper_copy,0.000,86.3,8.08,76.7,100.0,0.0,1
cmu4y0olo00ctfno2lkyg7pwo,paper_copy,0.000,86.3,9.62,53.3,100.0,0.0,0
cmu4y0owk00cvfno2swifkfow,paper_copy,0.000,86.3,25.98,76.7,100.0,0.0,1
cmu4y0p7g00cxfno2882znlzn,paper_copy,0.000,94.2,8.50,88.3,100.0,0.0,1
cmu4y0piw00czfno2uqxa7ft5,paper_copy,0.000,86.3,7.20,88.3,100.0,0.0,1
cmu4y0pmx00d1fno24k61ib9h,paper_copy,0.800,86.3,5.52,76.7,86.0,100.0,0
cmu4y0prb00d3fno2rlh0n2if,paper_copy,0.000,94.2,9.52,65.0,100.0,0.0,1
cmu4y0pvm00d5fno241gt2fii,paper_copy,0.510,89.5,11.26,76.7,100.0,0.0,0
cmu4y0pzn00d7fno2fsubvzf5,paper_copy,0.000,89.5,75.26,81.3,100.0,0.0,1
cmu4y0q3i00d9fno25z281lg7,paper_copy,0.000,86.3,8.76,65.0,100.0,0.0,1
cmu4y0qcc00dbfno25cqt5wfv,paper_copy,0.000,94.2,7.89,65.0,100.0,0.0,0
cmu4y0qge00ddfno2oj71u29c,paper_copy,0.000,89.5,2.42,30.0,100.0,0.0,0
cmu4y0qk900dffno297i0lmdr,paper_copy,0.000,89.5,16.18,65.0,100.0,0.0,1
cmu4y0qoc00dhfno2f96k18ww,paper_copy,0.000,89.5,0.10,30.0,100.0,0.0,0
cmu4y0qys00djfno28dw8n9ex,paper_copy,0.830,94.2,9.47,98.8,100.0,90.0,1
cmu4y0r9g00dlfno24tr6izez,paper_copy,0.720,94.2,7.50,76.7,97.7,100.0,0
cmu4y0rky00dnfno2vy3t8cv4,paper_copy,0.310,86.3,1.67,53.3,29.1,0.0,0
cmu4y0rp500dpfno2pxdvmzq1,paper_copy,0.310,86.3,6.00,53.3,29.1,0.0,0
cmu4y0rtk00drfno2fkfcc9i0,paper_copy,0.500,86.3,5.43,76.7,100.0,0.0,0
cmu4y0ryt00dtfno2tjurlw7x,paper_copy,0.480,86.3,4.60,65.0,100.0,0.0,0
cmu4y0s3e00dvfno28wjoucrh,paper_copy,0.480,86.3,1.25,65.0,100.0,0.0,0
cmu4y0sec00dxfno2vyfn6gmg,paper_copy,0.740,94.2,7.11,76.7,100.0,100.0,1
cmu4y0src00dzfno2qh0013hp,paper_copy,0.470,86.3,8.59,88.3,100.0,0.0,1
cmu4y0sv700e1fno2r0ezjs1q,paper_copy,0.470,86.3,4.38,88.3,100.0,0.0,1
cmu4y0szn00e3fno229nbyozs,paper_copy,0.470,86.3,8.85,88.3,100.0,0.0,1
cmu4y0t4900e5fno2dn5643yg,paper_copy,0.540,86.3,6.24,88.3,100.0,0.0,0
cmu4y0tf800e7fno2i63dq1ys,paper_copy,0.760,94.2,65.73,93.0,100.0,54.2,1
cmu4y0tqa00e9fno2xcnzwcd7,paper_copy,0.760,94.2,0.88,76.7,100.0,100.0,0
cmu4y0u0m00ebfno2zkeqhztb,paper_copy,0.790,86.3,4.60,76.7,79.5,100.0,1
cmu4y0u5300edfno2zgrqfkn8,paper_copy,0.500,86.3,4.70,88.3,82.3,0.0,1
cmu4y0uge00effno2o05ypi0m,paper_copy,0.770,85.2,27.12,76.7,100.0,100.0,1
cmu4y0utb00ehfno2l68tvtps,paper_copy,0.510,90.9,1.01,88.3,100.0,0.0,0
cmu4y0uxl00ejfno2in6h7ah9,paper_copy,0.510,90.9,2046.63,88.3,100.0,0.0,0
cmu4y0v1w00elfno29sz11e7s,paper_copy,0.510,90.9,663.31,88.3,100.0,0.0,0
cmu4y0v6700enfno20edqw8fx,paper_copy,0.510,90.9,8.87,88.3,100.0,0.0,0
cmu4y0vah00epfno2a81q440k,paper_copy,0.510,90.9,97.28,88.3,100.0,0.0,0
cmu4y0veg00erfno2z7typ46w,paper_copy,0.510,90.9,4.43,88.3,100.0,0.0,0
cmu4y0vi900etfno28o92ianc,paper_copy,0.510,90.9,8.35,88.3,100.0,0.0,0
cmu4y0vm500evfno2nwddt8ib,paper_copy,0.510,90.9,215.26,88.3,100.0,0.0,0
cmu4y0vql00exfno2wl30qop2,paper_copy,0.510,90.9,219.10,88.3,100.0,0.0,0
cmu4y0vvt00ezfno24gatnaln,paper_copy,0.510,90.9,8.44,88.3,100.0,0.0,0
cmu4y0w6u00f1fno2y5h02wqe,paper_copy,0.740,94.2,5.50,76.7,85.9,100.0,1
cmu4y0wav00f3fno2i8qfn8dg,paper_copy,0.500,86.3,6.40,76.7,100.0,0.0,1
cmu5mlhza0001xcl8odwdcg3p,paper_copy,0.610,85.1,10.65,76.7,28.3,100.0,0
cmu5mli9t0003xcl8clkzy96a,paper_copy,0.000,85.5,0.72,76.7,42.6,0.0,0
cmu5mlifz0005xcl87mfon5hn,paper_copy,0.000,85.1,4.48,65.0,23.0,80.0,1
cmu5mlil90007xcl8nn2jibmo,paper_copy,0.670,93.0,4.14,76.7,100.0,100.0,0
cmu5mliq70009xcl8d4n3zovq,paper_copy,0.440,85.1,3.71,76.7,100.0,0.0,0
cmu5mlivi000bxcl82ueeryuc,paper_copy,0.630,85.1,6.32,76.7,52.6,100.0,1
cmu5mljsf000dxcl8yetq3r6p,paper_copy,0.340,93.0,1.47,65.0,100.0,0.0,0
cmu5mlk26000fxcl86h35l4r6,paper_copy,0.000,93.0,1.96,56.8,66.7,0.0,0
cmu5mlkds000hxcl8tea231ra,paper_copy,0.520,85.1,8.30,76.7,21.2,100.0,1
cmu5mllgn000jxcl8liywed2q,paper_copy,0.370,93.0,7.35,65.0,97.5,0.0,1
cmu5mllrh000lxcl825pihdrb,paper_copy,0.000,85.5,34.42,76.7,100.0,0.0,0
cmu5mlm2h000nxcl8imlm55h8,paper_copy,0.420,85.1,4.60,53.3,100.0,0.0,0
cmu5mlm6m000pxcl8hdquh4ek,paper_copy,0.450,85.1,4.05,65.0,97.5,0.0,1
cmu5mlmic000rxcl8w17t267t,paper_copy,0.000,93.0,10.57,53.3,30.8,0.0,1
cmu5mlmna000txcl8cp12w5mu,paper_copy,0.000,80.6,0.66,84.8,76.2,0.0,0
cmu5mlmtl000vxcl8ot9qajxu,paper_copy,0.440,85.1,23.62,65.0,98.0,0.0,0
cmu5mln3d000xxcl8zihqk160,paper_copy,0.430,85.1,34.05,76.7,100.0,0.0,1
cmu5mln7v000zxcl8kpgr4lxq,paper_copy,0.360,93.5,7.39,65.0,98.0,0.0,0
cmu5mlnc40011xcl8g71tgimi,paper_copy,0.350,93.5,10.37,76.7,100.0,0.0,1
cmu5mlnmr0013xcl8tsulzqwf,paper_copy,0.320,93.5,19.37,65.0,100.0,0.0,1
cmu5mlnvp0015xcl8nrkjzgax,paper_copy,0.310,85.1,5.42,53.3,67.2,0.0,1
cmu5mlnzy0017xcl8oah995ws,paper_copy,0.400,85.1,5.93,65.0,100.0,0.0,1
cmu5mlomv0019xcl86lha7j21,paper_copy,0.640,85.1,41.90,76.7,100.0,81.8,1
cmu5mlpk9001bxcl8op2v83ra,paper_copy,0.410,93.5,7.69,88.3,100.0,0.0,0
cmu5mlpug001dxcl866gc0lzq,paper_copy,0.470,85.1,5.82,88.3,100.0,0.0,1
cmu5mlpyh001fxcl85sadwklo,paper_copy,0.490,85.1,5.13,88.3,100.0,0.0,0
cmu5mlq2v001hxcl8ynwosjkw,paper_copy,0.630,93.5,4.80,76.7,100.0,100.0,1
cmu5mlq7g001jxcl8s25s2kig,paper_copy,0.320,93.5,4.32,65.0,100.0,0.0,1
cmu5mlqc9001lxcl8wb7x9i56,paper_copy,0.410,85.1,11.40,76.7,79.1,0.0,0
cmu5mlqgl001nxcl87dcv2pwv,paper_copy,0.360,85.1,14.41,88.3,63.9,0.0,1
cmu5mlqkg001pxcl89e4pysxv,paper_copy,0.340,93.5,4.63,76.7,79.1,0.0,0
cmu5mlrnh001rxcl8ng0mst6n,paper_copy,0.000,93.5,2.22,53.3,38.1,0.0,1
cmu5mlryp001txcl8ji74hqqj,paper_copy,0.000,93.5,1.19,76.7,32.0,0.0,0
cmu5mls32001vxcl8sc8i1trg,paper_copy,0.000,93.5,1.70,88.3,100.0,0.0,0
cmu5mltgy001xxcl8wz2uyiju,paper_copy,0.000,91.0,37.38,53.3,35.5,0.0,1
cmu5mltw8001zxcl8n5mob5xb,paper_copy,0.000,91.0,14.40,88.3,69.9,0.0,0
cmu5mlu4r0021xcl8mbd00j78,paper_copy,0.000,91.0,14.56,76.7,57.5,0.0,1
cmu5mlufg0023xcl84ckp2nhl,paper_copy,0.000,93.5,6.40,65.0,100.0,0.0,1
cmu5mlvil0025xcl8k48c7r0a,paper_copy,0.000,93.5,30.30,65.0,100.0,0.0,1
cmu5mlvst0027xcl8vafk5e5u,paper_copy,0.000,93.5,25.60,76.7,100.0,0.0,1
cmu5mlw500029xcl8jxd4n3d2,paper_copy,0.000,80.9,19.07,88.3,100.0,0.0,1
cmu5mlwfa002bxcl80dqwfjcf,paper_copy,0.390,80.9,1.52,88.3,100.0,0.0,1
cmu5mlxgy002dxcl879vwva84,paper_copy,0.730,94.2,5.90,76.7,83.9,100.0,0
cmu5mlyjd002fxcl845le8es3,paper_copy,0.500,94.1,106.54,96.5,100.0,45.8,0
cmu5mlyn3002hxcl8r3ugti07,paper_copy,0.640,94.1,8.42,96.5,100.0,90.0,0
cmu5mlyqt002jxcl8yc0vwx33,paper_copy,0.580,94.1,11.46,96.5,100.0,70.0,0
cmu5mlz1q002lxcl8fdo3lk9d,paper_copy,0.740,84.4,1551.76,76.7,100.0,97.3,1
cmu5mm050002nxcl8fmew03fc,paper_copy,0.530,86.3,70.33,89.1,100.0,0.0,0
cmu5mm09p002pxcl8wkwit47l,paper_copy,0.460,74.1,340.54,89.1,100.0,0.0,0
cmu5mm0kg002rxcl86742h6cv,paper_copy,0.460,74.1,42.57,89.1,100.0,0.0,0
cmu5mm0p4002txcl8tcxwe0aa,paper_copy,0.460,74.1,85.14,89.1,100.0,0.0,0
cmu5mm0tc002vxcl8p3raluzf,paper_copy,0.460,74.1,48.65,89.1,100.0,0.0,0
cmu5mm0x2002xxcl8s0ix3sl0,paper_copy,0.460,74.1,3.41,89.1,100.0,0.0,0
cmu5mm11m002zxcl83lvnqy4j,paper_copy,0.460,74.1,10448.98,89.1,100.0,0.0,0
cmu5mm1c60031xcl8rdvrk3xr,paper_copy,0.460,94.2,4.40,78.1,100.0,0.0,1
cmu5mm1g80033xcl8uqet507d,paper_copy,0.460,94.2,4.30,78.1,100.0,0.0,1
cmu5mm1qu0035xcl8l0gxwy13,paper_copy,0.390,70.9,0.33,78.1,100.0,0.0,0
cmu5mm1vk0037xcl8be2dm2uf,paper_copy,0.400,70.9,25.00,89.1,100.0,0.0,0
cmu5mm2010039xcl8d4r635p9,paper_copy,0.400,70.9,0.25,89.1,100.0,0.0,0
cmu5mm24b003bxcl8o7q1m0rj,paper_copy,0.400,70.9,0.45,89.1,100.0,0.0,0
cmu5mm289003dxcl86bi43i2z,paper_copy,0.400,70.9,0.33,89.1,100.0,0.0,0
cmu5mm2c5003fxcl8gaqd2f5m,paper_copy,0.400,70.9,0.40,89.1,100.0,0.0,0
cmu5mm2g6003hxcl8alaiovmq,paper_copy,0.400,70.9,0.38,89.1,100.0,0.0,0
cmu5mm2kg003jxcl8px2a01wy,paper_copy,0.400,70.9,0.25,89.1,100.0,0.0,0
cmu5mm2p0003lxcl80mtn3z8s,paper_copy,0.400,70.9,0.38,89.1,100.0,0.0,0
cmu5mm2sx003nxcl8sp6kc1qg,paper_copy,0.400,70.9,0.25,89.1,100.0,0.0,0
cmu5mm2wu003pxcl8upu1bnvk,paper_copy,0.400,70.9,0.50,89.1,100.0,0.0,0
cmu5mm30l003rxcl8ml8tu8ix,paper_copy,0.400,70.9,0.28,89.1,100.0,0.0,0
cmu5mm34x003txcl8a31pimzl,paper_copy,0.400,70.9,0.62,89.1,100.0,0.0,0
cmu5mm39j003vxcl87rpuwx1j,paper_copy,0.400,70.9,0.25,89.1,100.0,0.0,0
cmu5mm3dq003xxcl8rvc0byt1,paper_copy,0.400,70.9,0.50,89.1,100.0,0.0,0
cmu5mm3hp003zxcl8qh3a8l8s,paper_copy,0.400,70.9,0.50,89.1,100.0,0.0,0
cmu5mm3lr0041xcl86kejms8l,paper_copy,0.410,70.9,2.50,89.1,100.0,0.0,0
cmu5mm3q00043xcl8hjd4s3yl,paper_copy,0.410,70.9,50.00,89.1,100.0,0.0,0
cmu5mm3uo0045xcl8064hk77r,paper_copy,0.410,70.9,4.15,89.1,100.0,0.0,0
cmu5mm40i0047xcl8tsacbxhn,paper_copy,0.410,70.9,0.55,89.1,100.0,0.0,0
cmu5mm4bb0049xcl8odsfar4w,paper_copy,0.840,89.7,46.52,94.8,100.0,100.0,1
cmu5mm4l2004bxcl81bqzjcx4,paper_copy,0.880,89.7,35.03,82.5,100.0,100.0,1
cmu5mm4w4004dxcl8a229077n,paper_copy,0.820,89.7,44.26,99.1,100.0,88.2,1
cmu5mm56c004fxcl8yxypu2xg,paper_copy,0.810,89.7,46.66,99.1,100.0,88.2,1
cmu5mm5fm004hxcl8533ex2xv,paper_copy,0.760,94.2,5.42,82.5,92.6,100.0,0
cmu5mm5qr004jxcl801q8b0nq,paper_copy,0.790,86.3,9.46,99.1,100.0,88.2,1
cmu5mm5uo004lxcl8i0kn4vzc,paper_copy,0.790,86.3,37.82,99.1,100.0,88.2,1
cmu5mm65s004nxcl8t5jwl5f8,paper_copy,0.810,94.2,36.93,85.1,100.0,88.2,1
cmu5mm6g9004pxcl895xzda2k,paper_copy,0.900,94.2,22.83,91.3,100.0,100.0,0
cmu5mm6qy004rxcl8fq70ajib,paper_copy,0.740,94.2,7.40,82.5,100.0,100.0,0
cmu5mm7rk004txcl8306o2he9,paper_copy,0.760,94.2,0.83,97.4,100.0,64.7,0
cmu5mm822004vxcl86tdm0krq,paper_copy,0.790,86.3,7.69,82.5,100.0,100.0,1
cmu5mm8df004xxcl83ikdmowt,paper_copy,0.700,81.8,6.50,82.5,100.0,100.0,1
cmu5mm8jw004zxcl8nxno8kel,paper_copy,0.700,81.8,19.50,82.5,100.0,100.0,1
cmu5mm8od0051xcl8fcume74a,paper_copy,0.700,81.8,6.50,82.5,100.0,100.0,1
cmu5mm8ss0053xcl8q84txh0s,paper_copy,0.700,81.8,19.50,82.5,100.0,100.0,1
cmu5mm9400055xcl8fpaf72ko,paper_copy,0.800,86.3,7.00,82.5,100.0,100.0,0
cmu5mma8e0057xcl8qytst8xp,paper_copy,0.750,94.2,9.49,91.3,100.0,67.1,1
cmu5mmajs0059xcl89adpkb5n,paper_copy,0.760,81.8,12.90,82.5,100.0,100.0,1
cmu5mmb3r005bxcl81v0zbdc3,paper_copy,0.690,81.8,6.42,82.5,100.0,100.0,1
cmu5mmb88005dxcl8i4nu1ybu,paper_copy,0.690,81.8,19.25,82.5,100.0,100.0,1
cmu5mmcb9005fxcl83no6nzaw,paper_copy,0.750,86.3,7.11,65.0,86.5,100.0,1
cmu5mmcf6005hxcl8x2p54xju,paper_copy,0.790,86.3,37.82,99.1,100.0,88.2,1
cmu5mmcjq005jxcl8jqzjeos7,paper_copy,0.750,86.3,9.46,98.3,100.0,76.5,1
cmu5mmcpc005lxcl8s2wnxfr4,paper_copy,0.830,94.2,7.68,98.3,100.0,76.5,0
cmu5mmd04005nxcl8q885mfh5,paper_copy,0.330,94.2,1.00,91.3,87.3,0.0,0
cmu5mmdhv005pxcl81lq8tmlf,paper_copy,0.780,94.2,36.89,89.5,100.0,76.5,1
cmu5mmdlz005rxcl8ul6r408a,paper_copy,0.570,89.7,2.11,91.3,100.0,0.0,1
cmu5mmdvf005txcl8vloadyz6,paper_copy,0.530,86.3,6.02,91.3,100.0,0.0,1
cmu5mmdzr005vxcl880gytg3n,paper_copy,0.480,94.2,23.79,91.3,100.0,0.0,1
cmu5mmeal005xxcl8h8f7rhzv,paper_copy,0.450,94.2,6.30,73.8,100.0,0.0,0
cmu5mmefx005zxcl86x5ac5nv,paper_copy,0.480,94.2,6.02,91.3,100.0,0.0,1
cmu5mmejp0061xcl8szo5x4mh,paper_copy,0.450,94.2,6.20,73.8,100.0,0.0,0
cmu5mmeqi0063xcl8i9yvx56n,paper_copy,0.450,94.2,6.00,73.8,100.0,0.0,0
cmu5mmeuo0065xcl84hh9ewl5,paper_copy,0.570,89.7,34.32,91.3,100.0,0.0,1
cmu5mmeyy0067xcl8i83pgbdi,paper_copy,0.560,89.7,71.10,91.3,100.0,0.0,0
cmu5mmf2s0069xcl8xm38v0kl,paper_copy,0.570,89.7,37.48,91.3,100.0,0.0,1
cmu5mmf7b006bxcl8v48hrk0m,paper_copy,0.560,89.7,40.80,95.6,100.0,0.0,1
cmu5mmi5l006dxcl8c3gqblfg,paper_copy,0.550,89.7,40.69,91.3,100.0,0.0,1
cmu5mmi9m006fxcl8ehkwtxnp,paper_copy,0.540,89.7,45.75,99.1,100.0,0.0,1
cmu5mmidr006hxcl8q6cc4swz,paper_copy,0.560,89.7,40.40,91.3,100.0,0.0,0
cmu5mmio2006jxcl8e6uymhtp,paper_copy,0.530,89.7,47.81,99.1,100.0,0.0,1
cmu5mmitg006lxcl82eh6hisq,paper_copy,0.550,89.7,40.88,91.3,100.0,0.0,1
cmu5mmixu006nxcl8gpqgrvd6,paper_copy,0.560,89.7,40.40,91.3,100.0,0.0,0
cmu5mmj1s006pxcl8rhjkq0g9,paper_copy,0.570,89.7,37.48,91.3,100.0,0.0,1
cmu5mmj65006rxcl8aqh6pxn6,paper_copy,0.540,89.7,44.25,99.1,100.0,0.0,1
cmu5mmjaf006txcl8puq1ku4k,paper_copy,0.530,89.7,47.81,99.1,100.0,0.0,1
cmu5mmjeq006vxcl8r56z8738,paper_copy,0.590,89.7,47.45,99.1,100.0,17.6,1
cmu5mmjiu006xxcl8h0s06dnr,paper_copy,0.680,89.7,29.33,95.6,100.0,41.2,1
cmu5mmjty006zxcl8koxjqnsx,paper_copy,0.470,81.4,20.91,91.3,100.0,0.0,1
cmu5mmjy60071xcl8ldi1wva3,paper_copy,0.470,81.4,457.98,91.3,100.0,0.0,1
cmu5mmk2t0073xcl8ls9bbuxe,paper_copy,0.470,81.4,65.45,91.3,100.0,0.0,1
cmu5mmk7m0075xcl8961tkubr,paper_copy,0.460,81.4,15.15,91.3,100.0,0.0,0
cmu5mmkc10077xcl8yht9lfto,paper_copy,0.460,81.4,15.39,91.3,100.0,0.0,0
cmu5mmkgp0079xcl8p7wibqh6,paper_copy,0.460,81.4,120.26,91.3,100.0,0.0,0
cmu5mmko8007bxcl8l1489ry8,paper_copy,0.460,81.4,11.41,91.3,100.0,0.0,0
cmu5mmksb007dxcl8wuino5qf,paper_copy,0.460,81.4,228.14,91.3,100.0,0.0,0
cmu5mmkw4007fxcl8j4qn5pgm,paper_copy,0.820,86.3,5.21,82.5,100.0,100.0,0
cmu5mml8w007hxcl8ufj9ht6f,paper_copy,0.550,94.0,2.24,91.3,100.0,0.0,0
cmu5mmleb007jxcl89gdid03n,paper_copy,0.550,94.0,1.67,91.3,100.0,0.0,0
cmu5mmlos007lxcl890mzrf0c,paper_copy,0.550,94.0,18.70,92.1,100.0,0.0,1
cmu5mmluv007nxcl8f6yv2g20,paper_copy,0.550,94.0,2.31,91.3,100.0,0.0,0
cmu5mmlyx007pxcl8mcdf7mac,paper_copy,0.550,94.0,18.08,92.1,100.0,0.0,1
cmu5mmm38007rxcl8f1qb271l,paper_copy,0.550,94.0,1.60,91.3,100.0,0.0,0
cmu5mmm8g007txcl8qwao1ebd,paper_copy,0.550,94.0,0.90,91.3,100.0,0.0,0
cmu5mmmdj007vxcl8u1a041al,paper_copy,0.550,94.0,9.28,92.1,100.0,0.0,1
cmu5mmmhy007xxcl8l7flsc30,paper_copy,0.550,94.0,2.09,91.3,100.0,0.0,0
cmu5mmmml007zxcl8n9i5gx5b,paper_copy,0.750,94.0,18.26,92.1,100.0,64.7,1
cmu5mmmx20081xcl80mjpdnkc,paper_copy,0.800,89.7,45.75,86.9,100.0,88.2,1
cmu5mmn1b0083xcl8y58sa4vs,paper_copy,0.550,94.0,3.55,95.6,100.0,0.0,1
cmu5mmn510085xcl8ga3czzyf,paper_copy,0.540,94.0,1.47,91.3,100.0,0.0,0
cmu5mmn9x0087xcl8jpmg7arm,paper_copy,0.680,94.0,18.66,95.6,100.0,41.2,1
cmu5mmnny0089xcl8l5rjoxdq,paper_copy,0.340,87.6,9.03,91.3,100.0,0.0,1
cmu5mmntd008bxcl8sl0vdaz6,paper_copy,0.340,87.6,1.40,91.3,100.0,0.0,1
cmu5mmnyo008dxcl82agipkr0,paper_copy,0.340,87.6,1.89,91.3,100.0,0.0,1
cmu5mmo2w008fxcl8fru0c2lm,paper_copy,0.340,87.6,10.28,91.3,100.0,0.0,1
cmu5mmoda008hxcl8cjls63sq,paper_copy,0.440,81.4,30.80,91.3,100.0,0.0,1
cmu5mmoh4008jxcl8lbypqi0f,paper_copy,0.440,81.4,360.72,91.3,100.0,0.0,1
cmu5mmop4008lxcl8m4tynap6,paper_copy,0.440,81.4,53.58,91.3,100.0,0.0,1
cmu5mmot9008nxcl8gl7ep35g,paper_copy,0.440,81.4,249.58,91.3,100.0,0.0,1
cmu5mmoxh008pxcl8sth1g3ey,paper_copy,0.440,81.4,57.06,91.3,100.0,0.0,1
cmu5mmp1w008rxcl8jmka7v5c,paper_copy,0.440,81.4,16.40,91.3,100.0,0.0,1
cmu5mmp6m008txcl8g52r27kd,paper_copy,0.440,81.4,2.17,91.3,100.0,0.0,1
cmu5mmpag008vxcl85h51cui8,paper_copy,0.440,81.4,29.69,91.3,100.0,0.0,1
cmu5mmpj0008xxcl8rwqyp8rb,paper_copy,0.470,81.4,3.70,91.3,100.0,0.0,0
cmu5mmpn9008zxcl8um6hp5i9,paper_copy,0.470,81.4,7.41,91.3,100.0,0.0,0
cmu5mmptv0091xcl8enrkft1z,paper_copy,0.470,81.4,5.81,91.3,100.0,0.0,0
cmu5mmpy90093xcl8wboriitu,paper_copy,0.350,93.6,19.80,91.3,100.0,0.0,0
cmu5mmqfs0095xcl84wuizf1x,paper_copy,0.340,87.6,0.97,91.3,100.0,0.0,1
cmu5mmqqs0097xcl8g3zihzeu,paper_copy,0.740,95.1,6.59,65.0,85.0,100.0,1
cmu5mmqv40099xcl8bwvby5i0,paper_copy,0.340,87.6,3.70,91.3,100.0,0.0,1
cmu5mmqz9009bxcl8pc8odedj,paper_copy,0.340,87.6,19.44,91.3,100.0,0.0,1
cmu5mmr4l009dxcl8fgfxoypq,paper_copy,0.340,87.6,2.03,91.3,100.0,0.0,1
cmu5mmr8p009fxcl8fz0bzaks,paper_copy,0.810,94.0,10.64,84.2,100.0,76.5,1
cmu5mmrcq009hxcl84silwd8p,paper_copy,0.570,94.0,3.26,82.5,100.0,0.0,0
cmu5mmrh3009jxcl8uh634pyi,paper_copy,0.570,94.0,4.79,82.5,100.0,0.0,0
cmu5mmrl3009lxcl84a2162v4,paper_copy,0.810,94.0,15.60,84.2,100.0,76.5,1
cmu5mmrs5009nxcl86hpe3xgx,paper_copy,0.340,87.6,395.22,91.3,100.0,0.0,1
cmu5mmrw6009pxcl85i5ox0jn,paper_copy,0.340,87.6,84.00,91.3,100.0,0.0,1
cmu5mms0h009rxcl8o96o9odc,paper_copy,0.340,87.6,41.44,91.3,100.0,0.0,1
cmu5mms4x009txcl8ke3x9d2x,paper_copy,0.340,87.6,385.00,91.3,100.0,0.0,1
cmu5mms96009vxcl8541d37q3,paper_copy,0.810,94.0,15.60,84.2,100.0,76.5,1
cmu5mmsd5009xxcl8a605fb6b,paper_copy,0.570,94.0,4.79,82.5,100.0,0.0,0
cmu5mmu4x009zxcl8nwhojc90,paper_copy,0.340,87.6,87.92,91.3,100.0,0.0,1
cmu5mmu8x00a1xcl8u3l9h7ze,paper_copy,0.350,93.6,499.87,91.3,100.0,0.0,1
cmu5mmucu00a3xcl86amidfc0,paper_copy,0.350,93.6,131.65,91.3,100.0,0.0,0
cmu5mmugp00a5xcl8u8nnic1h,paper_copy,0.580,94.0,16.02,91.3,100.0,0.0,1
cmu5mmukh00a7xcl8grpkg52u,paper_copy,0.580,94.0,12.90,91.3,100.0,0.0,1
cmu5mmuoo00a9xcl8g1rb8qej,paper_copy,0.580,94.0,3.97,91.3,100.0,0.0,0
cmu5mmusx00abxcl8pajgushj,paper_copy,0.580,94.0,7.80,91.3,100.0,0.0,1
cmu5mmux200adxcl8zvkmc4f0,paper_copy,0.580,94.0,11.94,91.3,100.0,0.0,0
cmu5mmv7000afxcl8uvbgzndu,paper_copy,0.790,93.8,7.00,82.5,100.0,100.0,0
cmu5mmvav00ahxcl8327efxa4,paper_copy,0.440,81.4,100.80,82.5,100.0,0.0,1
cmu5mmvf000ajxcl810mymc1s,paper_copy,0.440,81.4,3.60,82.5,100.0,0.0,1
cmu5mmvjc00alxcl8xlm4dvps,paper_copy,0.670,94.0,16.16,93.0,100.0,29.4,1
cmu5mmvnb00anxcl8w9x7yt8o,paper_copy,0.580,94.0,4.00,91.3,100.0,0.0,0
cmu5mmvrc00apxcl8nbpraoc1,paper_copy,0.670,94.0,16.28,93.0,100.0,29.4,1
cmu5mmvvf00arxcl82p9rpedv,paper_copy,0.580,94.0,4.00,91.3,100.0,0.0,0
cmu5mmvzj00atxcl86t0v0r6q,paper_copy,0.460,81.4,0.90,91.3,100.0,0.0,1
cmu5mmw3r00avxcl8oi67931g,paper_copy,0.460,81.4,26.55,91.3,100.0,0.0,1
cmu5mmw8f00axxcl8k1n9el13,paper_copy,0.590,94.0,4.37,91.3,100.0,0.0,0
cmu5mmwcr00azxcl80pnssccp,paper_copy,0.590,94.0,15.98,93.9,100.0,0.0,1
cmu5mmwpn00b1xcl8voyskiqj,paper_copy,0.730,86.3,22.73,82.5,100.0,100.0,1
cmu5mmwtl00b3xcl8u9rlcmnf,paper_copy,0.460,81.4,19.35,91.3,100.0,0.0,1
cmu5mmwy400b5xcl8nv2w6d7b,paper_copy,0.860,94.0,15.50,99.1,100.0,88.2,1
cmu5mmx4l00b7xcl8t4neqs6z,paper_copy,0.580,94.0,4.24,91.3,100.0,0.0,0
cmu5mmx8e00b9xcl83q10ygfz,paper_copy,0.860,94.0,12.76,99.1,100.0,88.2,1
cmu5mmxcr00bbxcl8tpzzgx2p,paper_copy,0.580,94.0,3.49,91.3,100.0,0.0,0
cmu5mmxgy00bdxcl8q3acu5wc,paper_copy,0.460,81.4,202.05,91.3,100.0,0.0,1
cmu5mmxl900bfxcl8grt2238w,paper_copy,0.580,94.0,4.37,91.3,100.0,0.0,0
cmu5mmxp900bhxcl8p991326h,paper_copy,0.740,94.0,16.04,93.0,100.0,52.9,1
cmu5mmxtx00bjxcl85iuw61l4,paper_copy,0.600,94.0,10.55,93.0,100.0,5.9,1
cmu5mmxy000blxcl87vr2500k,paper_copy,0.580,94.0,2.88,91.3,100.0,0.0,0
cmu5mmy1t00bnxcl874xmzorq,paper_copy,0.580,94.0,4.37,91.3,100.0,0.0,0
cmu5mmy5u00bpxcl84hlry9ui,paper_copy,0.600,94.0,16.00,93.0,100.0,5.9,1
cmu5mmyfb00brxcl88ut8vt1s,paper_copy,0.470,81.4,44.78,91.3,100.0,0.0,1
cmu5mmypq00btxcl8xc0kx8af,paper_copy,0.330,95.1,2.50,65.0,100.0,0.0,0
cmu5mmyu800bvxcl8qorh75dl,paper_copy,0.640,95.1,2.30,65.0,100.0,100.0,0
cmu5mmyyk00bxxcl8502fem1n,paper_copy,0.470,81.4,769.12,91.3,100.0,0.0,1
cmu5mmz4q00bzxcl8chn1mnd7,paper_copy,0.470,81.4,4.02,91.3,100.0,0.0,1
cmu5mmzld00c1xcl86qhu8sll,paper_copy,0.860,94.0,5.60,86.0,100.0,100.0,0
cmu5mmzty00c3xcl8l0otau52,paper_copy,0.540,85.5,663.28,79.0,100.0,11.1,0
cmu5mmzy300c5xcl8tmsbhajs,paper_copy,0.400,83.8,7.78,79.0,100.0,0.0,0
cmu5mn02p00c7xcl8km75kh8d,paper_copy,0.400,83.8,11.50,79.0,100.0,0.0,0
cmu5mn07700c9xcl8j6kx77sl,paper_copy,0.400,83.8,6.00,79.0,100.0,0.0,0
cmu5mn0bc00cbxcl8uxajxbf5,paper_copy,0.530,86.2,84.77,79.0,100.0,0.0,0
cmu5mn0me00cdxcl8ec8ppjzo,paper_copy,0.390,86.2,7.01,67.8,100.0,0.0,0
cmu5mn0qq00cfxcl8qci8cwib,paper_copy,0.570,85.5,10049.90,93.0,100.0,11.1,0
cmu5mn0v800chxcl8lfy04n1c,paper_copy,0.390,86.2,0.21,67.8,100.0,0.0,0
cmu5mn0zp00cjxcl88j99daaw,paper_copy,0.540,85.5,159.09,93.0,100.0,0.0,0
cmu5mn14900clxcl8nw9mhlxy,paper_copy,0.570,85.5,533.28,93.0,100.0,11.1,0
cmu5mn18q00cnxcl80fjjjk1s,paper_copy,0.570,85.5,402.72,93.0,100.0,11.1,0
cmu5mn1cy00cpxcl8pqyrfc3r,paper_copy,0.570,85.5,301.92,93.0,100.0,11.1,0
cmu5mn1h700crxcl8jaak3wys,paper_copy,0.570,85.5,1.38,93.0,100.0,11.1,0
cmu5mn1pn00ctxcl8m2a38evy,paper_copy,0.350,86.2,3.83,93.0,100.0,0.0,1
cmu5mn1u500cvxcl8o4md4mzv,paper_copy,0.350,86.2,18.95,93.0,100.0,0.0,1
cmu5mn25m00cxxcl8ohbzdlh2,paper_copy,0.390,86.2,5.60,58.0,54.4,57.1,1
cmu5mn29o00czxcl8umtbg7j4,paper_copy,0.350,86.2,6.61,93.0,100.0,0.0,1
cmu5mn3ee00d1xcl8s3b42m1f,paper_copy,0.330,86.2,4.80,56.6,53.6,64.4,0
cmu5mn3q500d3xcl8gi64tg9s,paper_copy,0.320,86.2,8.24,93.0,64.5,11.1,0
cmu5mn4ud00d5xcl8d3q91fvn,paper_copy,0.330,86.2,1.48,93.0,75.6,11.1,1
cmu5mn4yp00d7xcl8f2fvlpyt,paper_copy,0.330,86.2,1.76,93.0,75.6,11.1,1
cmu5mn53100d9xcl8x7wvypd7,paper_copy,0.320,86.2,1.23,93.0,64.5,11.1,0
cmu5mn5b000dbxcl8auqxcevp,paper_copy,0.400,94.4,18.90,79.0,100.0,0.0,0
cmu5mn5gn00ddxcl8kcoj0inr,paper_copy,0.360,86.2,5.07,79.0,100.0,0.0,0
cmu5mn5ko00dfxcl8lm1o5fkz,paper_copy,0.410,86.2,1.27,93.0,100.0,11.1,1
cmu5mn5wo00dhxcl8b0fb6flx,paper_copy,0.000,86.2,1.99,93.0,100.0,11.1,0
cmu5mn60m00djxcl89xrotw3p,paper_copy,0.400,86.2,1.40,93.0,100.0,11.1,1
cmu5mn6bn00dlxcl8rx1vuy8a,paper_copy,0.000,86.2,1.23,93.0,26.6,0.0,0
cmu5mn8x200dnxcl8yvt6dwo1,paper_copy,0.000,86.2,10.04,72.0,27.3,0.0,1
cmu5mn92n00dpxcl8kuxqvuez,paper_copy,0.000,86.2,3.00,93.0,26.6,11.1,0
cmu5mn96n00drxcl88ske3njt,paper_copy,0.000,86.2,26.90,72.0,27.3,0.0,1
cmu5mn9ag00dtxcl89gfk5qpq,paper_copy,0.000,86.2,0.56,93.0,26.6,11.1,0
cmu5mn9go00dvxcl8hcivekp5,paper_copy,0.000,86.2,5.02,72.0,27.3,0.0,1
cmu5mn9ri00dxxcl89dxsmxif,paper_copy,0.000,86.2,6.49,79.0,100.0,0.0,1
cmu5mna2s00dzxcl81131lr8s,paper_copy,0.000,86.2,2.49,79.0,70.6,0.0,0
cmu5mnb6500e1xcl8nuxq6lwv,paper_copy,0.000,91.3,7.50,79.0,100.0,0.0,0
cmu5mnbh900e3xcl8ucaqaj8c,paper_copy,0.660,63.2,2.80,86.0,100.0,100.0,0
cmu5mnbrw00e5xcl86h8tl9ti,paper_copy,0.550,63.2,25.57,86.0,100.0,100.0,1
cmu5mnbw700e7xcl80fsmce9k,paper_copy,0.550,63.2,63.93,86.0,100.0,100.0,1
cmu5mnc0k00e9xcl8i3rwdd68,paper_copy,0.550,63.2,3.20,86.0,100.0,100.0,1
cmu5mnc8z00ebxcl8sh2zvty0,paper_copy,0.620,95.1,3.00,79.0,100.0,11.1,0
cmu5mncni00edxcl8cfjqz2i6,paper_copy,0.910,95.1,9.60,86.0,100.0,100.0,1
cmu5mncyx00efxcl862m6rogy,paper_copy,0.710,95.1,1.59,58.0,35.4,0.0,0
cmu5mnd9000ehxcl8ta264dpl,paper_copy,0.550,63.2,7.39,86.0,100.0,100.0,1
cmu5mndd400ejxcl8wlw7eyib,paper_copy,0.550,63.2,0.61,86.0,100.0,100.0,1
cmu5mndnd00elxcl8s7noomqi,paper_copy,0.550,63.2,0.61,86.0,100.0,100.0,1
cmu5mndrs00enxcl8mi8ff8n7,paper_copy,0.550,63.2,1.90,86.0,100.0,100.0,1
cmu5mngh900epxcl8e4gk4ijr,paper_copy,0.690,63.2,5.20,86.0,100.0,100.0,0
cmu5mngma00erxcl8gws2an6j,paper_copy,0.690,63.2,5.20,86.0,100.0,100.0,0
cmu5mngqj00etxcl8hynl4ad7,paper_copy,0.690,63.2,5.20,86.0,100.0,100.0,0
cmu5mngv000evxcl882cmkp0r,paper_copy,0.690,63.2,5.20,86.0,100.0,100.0,0
cmu5mnhdk00exxcl8qb9ygkb8,paper_copy,0.670,63.2,0.42,86.0,100.0,100.0,1
cmu5mnhhy00ezxcl80ey1xs70,paper_copy,0.690,63.2,5.20,86.0,100.0,100.0,0
cmu5mnhth00f1xcl8iyo0aa9q,paper_copy,0.730,91.3,0.25,65.0,31.0,0.0,1
cmu5mnhy000f3xcl80p7vt5xr,paper_copy,1.000,91.3,0.33,72.0,33.5,100.0,1
cmu5mnier00f5xcl8x0yixjf9,watchlist,0.710,86.8,8.66,86.0,100.0,100.0,1
cmu5mnj4o00f7xcl8zwv7b1p3,watchlist,0.770,86.8,3.31,86.0,100.0,100.0,0
cmu5mnjmh00f9xcl8a0kb4u9p,watchlist,0.730,86.8,7.20,86.0,100.0,100.0,1
cmu5mnjww00fbxcl838fdyuqi,watchlist,0.730,86.8,5.72,86.0,85.6,100.0,1
cmu5mnka100fdxcl8p9s7us0x,watchlist,0.690,86.8,32.19,98.6,92.3,57.9,0
cmu5mnkl600ffxcl8wzxm81qg,watchlist,0.910,86.8,9.33,86.0,100.0,100.0,0
cmu5mnlnm00fhxcl84nkbhepu,watchlist,0.650,86.8,7.89,86.0,65.9,100.0,0
cmu5mnmrs00fjxcl8ickozumk,watchlist,0.780,86.8,16.79,86.0,100.0,100.0,1
cmu5mnoa900flxcl8pblkranq,watchlist,0.740,86.8,2.64,86.0,100.0,100.0,0
cmu5mnole00fnxcl8awnyyk67,watchlist,0.500,88.5,8.47,86.0,100.0,100.0,0
cmu5mnq1700fpxcl8x6655jy2,watchlist,0.490,88.5,8.95,86.0,100.0,100.0,0
cmu5mnqeu00frxcl87ij9e87m,watchlist,0.720,88.5,2.67,86.0,100.0,100.0,1
cmu5mnri600ftxcl8ymf7764t,watchlist,0.680,88.5,7.50,86.0,100.0,100.0,0
cmu5mnsj400fvxcl8di5yrpxg,watchlist,0.770,86.8,5.62,86.0,100.0,100.0,0
cmu5mntnc00fxxcl8zuuq7mj8,watchlist,0.760,86.8,6.02,86.0,100.0,100.0,0
cmu5mntyg00fzxcl86fjjmttb,watchlist,0.530,86.8,8.27,72.0,100.0,100.0,0
cmu5mnubc00g1xcl8vzs7rm2s,watchlist,0.560,88.5,2.40,86.0,34.8,100.0,1
cmu5mnutt00g3xcl831aop3ow,watchlist,0.410,88.5,203.51,86.0,59.3,100.0,0
cmu5mnvy000g5xcl8oq92ivs3,watchlist,0.770,86.8,36.22,99.3,100.0,78.9,0
cmu5mnw2500g7xcl8m3pxfcc7,watchlist,0.770,86.8,9.05,99.3,100.0,78.9,0
cmu5mnwe100g9xcl8pljba37d,watchlist,0.810,86.8,9.33,86.0,100.0,100.0,0
cmu5mnwi800gbxcl8m6k7x6qy,watchlist,0.810,86.8,125.99,86.0,100.0,100.0,0
cmu5mnwm700gdxcl82b4v3pa4,watchlist,0.770,86.8,122.24,99.3,100.0,78.9,0
cmu5mnwqd00gfxcl8wdn1hg8i,watchlist,0.690,86.8,35.55,72.0,100.0,100.0,0
cmu5mnz3z00ghxcl8gzk2wdvh,watchlist,0.620,88.5,15.97,86.0,48.5,100.0,0
cmu5mnz8700gjxcl8t2z91ey7,watchlist,0.620,88.5,5.32,86.0,48.5,100.0,0
cmu5mnzit00glxcl8bwaqk6k1,watchlist,0.770,88.5,37.60,99.3,100.0,78.9,0
cmu5mnzmu00gnxcl8elwpnzy5,watchlist,0.770,88.5,37.90,99.3,100.0,78.9,0
cmu5mo5gr00gpxcl8y198m4y8,watchlist,0.420,88.5,9.23,97.9,100.0,36.8,0
cmu5mo5lv00grxcl8rjdu0vvn,watchlist,0.770,88.5,37.94,99.3,100.0,78.9,0
cmu5mo5xe00gtxcl876jb6s4k,watchlist,0.700,88.5,3.45,86.0,100.0,100.0,0
cmu5mo7el00gvxcl8vcm7cytn,watchlist,0.740,86.8,6.71,86.0,100.0,100.0,0
cmu5moa4900gxxcl8ykm5v5il,watchlist,0.450,86.8,9.52,44.0,75.3,100.0,0
cmu5moaow00gzxcl8tcehuj4u,watchlist,0.700,86.8,36.11,86.0,100.0,100.0,0
cmu5mocxq00h1xcl8izwqhr5f,watchlist,0.520,86.8,28.57,86.0,100.0,100.0,1
cmu5mod9a00h3xcl8w02xfjda,watchlist,0.660,86.8,36.81,99.3,100.0,78.9,0
cmu5modk600h5xcl855r3iy7m,watchlist,0.780,86.8,17.61,99.3,100.0,78.9,0
cmu5modvn00h7xcl8h26pr8qq,watchlist,0.770,86.8,19.01,62.2,100.0,100.0,0
cmu5modzt00h9xcl8ofellfom,watchlist,0.780,86.8,35.22,99.3,100.0,78.9,0
cmu5moe4j00hbxcl8u14w3e41,watchlist,0.710,86.8,38.00,62.2,100.0,79.1,0
cmu5moe9w00hdxcl8v3gauxr8,watchlist,0.780,86.8,8.80,99.3,100.0,78.9,0
cmu5moekk00hfxcl8188jx4nu,watchlist,0.620,86.8,5.98,99.3,100.0,78.9,0
cmu5mof4c00hhxcl8kmyvvccv,watchlist,0.740,86.8,6.80,86.0,100.0,100.0,1
cmu5mofe800hjxcl8vem57bzq,watchlist,0.520,86.8,9.43,86.0,100.0,100.0,0
cmu5mofvv00hlxcl8dtenybew,watchlist,0.520,86.8,9.43,86.0,100.0,100.0,0
cmu5mogir00hnxcl8tjfllya7,watchlist,0.760,86.8,4.10,86.0,100.0,100.0,0
cmu5mogth00hpxcl8v5sodz6i,watchlist,0.520,86.8,9.52,86.0,100.0,100.0,0
cmu5mogxp00hrxcl8sckk7nue,watchlist,0.740,86.8,20.40,86.0,100.0,100.0,1
cmu5moh1u00htxcl8l513o4fv,watchlist,0.520,86.8,38.09,86.0,100.0,100.0,0
cmu6dflgn0001ps5410skt8f5,paper_copy,0.000,93.0,8.44,76.7,54.1,0.0,0
cmu6dflrm0003ps547buq4zyl,paper_copy,0.000,82.5,5.20,30.0,71.1,0.0,1
cmu6dfm340005ps54oh5nuayo,paper_copy,0.680,85.1,1.24,76.7,100.0,100.0,0
cmu6dfmdb0007ps54honmayf1,paper_copy,0.000,86.9,1025.00,41.7,93.9,0.0,0
cmu6dfmnh0009ps54uosr2h7q,paper_copy,0.000,86.9,640.00,53.3,97.9,0.0,0
cmu6dfmwx000bps54ycbps55y,paper_copy,0.000,82.5,5.22,76.7,77.8,0.0,0
cmu6dfn8b000dps545zcq2z8s,paper_copy,0.770,85.1,14.47,76.7,100.0,100.0,1
cmu6dfnjd000fps54582vc29b,paper_copy,0.730,85.1,1.00,76.7,100.0,100.0,0
cmu6dfnua000hps54dnlsu6fu,paper_copy,0.000,85.1,5.20,65.0,21.4,0.0,0
cmu6dfo2u000jps54zgsycvbq,paper_copy,0.000,85.1,6.42,76.7,29.7,0.0,1
cmu6dfod4000lps54q4slmab8,paper_copy,0.000,86.9,6.08,88.3,100.0,0.0,1
cmu6dfol5000nps54mt5zhx0f,paper_copy,0.000,86.9,904.64,88.3,100.0,0.0,1
cmu6dfovb000pps54t8udmhov,paper_copy,0.710,85.1,7.90,76.7,100.0,100.0,0
cmu6dfp5k000rps54lktjvx2m,paper_copy,0.770,85.1,2.41,76.7,100.0,100.0,0
cmu6dfpa1000tps54o5cnbqzv,paper_copy,0.000,85.1,4.32,88.3,77.0,0.0,0
cmu6dfpdt000vps54nqzxlgta,paper_copy,0.000,80.6,3.94,65.0,100.0,0.0,0
cmu6dfpo8000xps542iqk97ic,paper_copy,0.000,93.5,3.83,88.3,100.0,0.0,1
cmu6dfpyo000zps54bexzul34,paper_copy,0.000,93.5,3.78,65.0,100.0,0.0,0
cmu6dfq990011ps544k33r1z4,paper_copy,0.000,85.1,7.59,88.3,100.0,0.0,1
cmu6dfqjp0013ps54qvip16ta,paper_copy,0.000,85.1,5.40,65.0,100.0,0.0,1
cmu6dfqu40015ps548yipqv78,paper_copy,0.350,93.5,10.95,88.3,94.8,0.0,1
cmu6dfr4a0017ps54971gsyaq,paper_copy,0.730,85.1,6.04,76.7,100.0,100.0,0
cmu6dfrdi0019ps54cpqm8amt,paper_copy,0.630,85.1,7.59,53.3,75.9,100.0,1
cmu6dfrhr001bps54czbqq4kg,paper_copy,0.380,85.1,5.34,88.3,72.7,0.0,1
cmu6dfrst001dps548u2tp8kp,paper_copy,0.760,85.1,4.22,76.7,100.0,100.0,0
cmu6dfrxd001fps54gvxwqig8,paper_copy,0.680,93.5,6.33,76.7,100.0,100.0,0
cmu6dfs7f001hps54a6wezwpi,paper_copy,0.340,85.1,7.50,88.3,59.6,0.0,1
cmu6dfsja001jps547v7xi5mh,paper_copy,0.710,85.1,15.58,76.7,100.0,100.0,1
cmu6dfsn4001lps54saf1kp1s,paper_copy,0.600,93.5,7.79,53.3,100.0,100.0,1
cmu6dfssv001nps54hnb52k8y,paper_copy,0.410,93.5,3.08,88.3,100.0,0.0,0
cmu6dft4g001pps54fr8voei1,paper_copy,0.000,93.5,6.27,53.3,49.8,0.0,0
cmu6dfuy6001rps5464t66mbs,paper_copy,0.750,91.3,0.30,72.0,33.5,0.0,1
cmu6dfv9g001tps543x0ct29l,paper_copy,1.000,94.4,22.00,86.0,100.0,0.0,1
cmu6dfvkq001vps54ph9rth4e,paper_copy,0.590,95.1,6.81,93.0,100.0,0.0,1
cmu6dfvv8001xps544d8sdh2c,paper_copy,0.580,95.1,7.20,93.0,100.0,0.0,1
cmu6dfw3t001zps54lboah8zi,paper_copy,0.600,94.4,1.11,72.0,29.6,0.0,0
cmu6dfwe40021ps54oherc2oz,paper_copy,0.640,94.4,21.07,86.0,44.4,0.0,0
cmu6dfwo50023ps54lxj0u3gh,paper_copy,0.750,94.4,14.05,93.0,39.4,33.3,1
cmu6dfwug0025ps54ripdr3rj,paper_copy,0.560,89.2,362.38,93.0,100.0,33.3,1
cmu6dfx300027ps548qjsvz8a,paper_copy,0.880,91.3,33.50,93.0,100.0,33.3,1
cmu6dfxfs0029ps542idb8na9,paper_copy,0.810,91.3,26.12,93.0,100.0,0.0,0
cmu6dfxqg002bps54vlko2hiq,paper_copy,0.620,94.4,3.00,86.0,30.2,0.0,1
cmu6dfy2b002dps54onqlwisy,paper_copy,0.640,94.4,2.91,86.0,37.1,0.0,1
cmu6dfyc9002fps546yny3d64,paper_copy,0.910,94.4,3.52,79.0,55.2,0.0,0
cmu6dfyn5002hps5499b9i9mu,paper_copy,0.750,95.1,8.76,72.0,100.0,0.0,1
cmu6dfyy0002jps544uav1pnh,paper_copy,0.680,95.7,7.50,79.0,100.0,33.3,1
cmu6dfz8t002lps54af3xfcbg,paper_copy,0.990,95.1,5.90,86.0,100.0,0.0,1
cmu6dfzeu002nps544682wqrc,paper_copy,0.930,89.2,6.68,93.0,100.0,33.3,1
cmu6dfzjk002pps54p85shgsl,paper_copy,0.990,95.1,5.70,86.0,100.0,0.0,1
cmu6dfznl002rps54x70c0wil,paper_copy,0.930,89.2,890.32,93.0,100.0,33.3,1
cmu6dg03n002tps54s93o891j,paper_copy,0.560,95.1,4.04,86.0,100.0,0.0,1
cmu6dg0eh002vps54aool5i6h,paper_copy,0.930,86.3,20.90,86.0,100.0,0.0,1
cmu6dg0ot002xps54imppl3ku,paper_copy,0.710,94.4,8.19,99.3,77.3,0.0,0
cmu6dg0za002zps54i7wofn9w,paper_copy,0.640,94.4,7.09,79.0,48.1,7.3,1
cmu6dg1a00031ps54f9cfhkjg,paper_copy,0.540,94.1,301.61,93.0,100.0,33.3,0
cmu6dg1kr0033ps544aif9uuj,paper_copy,0.680,86.3,9.24,86.0,100.0,0.0,1
cmu6dg1oz0035ps54w9ahi6qo,paper_copy,0.540,89.2,185.38,93.0,100.0,33.3,1
cmu6dg1t80037ps548simaftm,paper_copy,0.710,94.4,9.38,79.0,39.8,33.3,1
cmu6dg1xh0039ps54k4hy5hzy,paper_copy,0.550,86.3,15.30,86.0,100.0,0.0,1
cmu6dg6mg003bps54w0cub243,paper_copy,0.560,94.1,102.28,93.0,100.0,33.3,0
cmu6dg6t4003dps54cw808az9,paper_copy,0.560,94.1,566.28,93.0,100.0,33.3,0
cmu6dg6xm003fps54vh29u75f,paper_copy,0.560,94.1,141.01,93.0,100.0,33.3,0
cmu6dg71f003hps549toa11cl,paper_copy,0.560,94.1,12.60,93.0,100.0,33.3,0
cmu6dg753003jps540latygd3,paper_copy,0.560,94.1,110.43,93.0,100.0,33.3,0
cmu6dg7al003lps54ctgpqnor,paper_copy,0.560,94.1,112.00,93.0,100.0,33.3,0
cmu6dg7eq003nps543eixlm6k,paper_copy,0.540,94.1,178.44,93.0,100.0,33.3,0
cmu6dg7q3003pps54mg5wepx2,paper_copy,0.640,86.3,2.03,93.0,100.0,33.3,0
cmu6dg7z6003rps54rqfn92zc,paper_copy,0.000,86.2,9.33,79.0,67.3,0.0,1
cmu6dg87x003tps547q4ulfph,paper_copy,0.640,86.3,1.73,93.0,100.0,33.3,0
cmu6dg8bx003vps54sojc5zax,paper_copy,0.540,86.3,4.00,93.0,100.0,0.0,0
cmu6dg8pw003xps54u6ewxwxd,paper_copy,0.630,86.3,75.25,93.0,100.0,33.3,1
cmu6dg8yk003zps54sfcwh3ly,paper_copy,1.000,86.3,37.01,95.8,100.0,73.3,1
cmu6dg96v0041ps547vvsja8i,paper_copy,0.000,86.2,4.09,93.0,100.0,33.3,1
cmu6dg9ho0043ps54602ygphy,paper_copy,0.000,86.2,4.81,86.0,100.0,0.0,1
cmu6dg9qb0045ps54zdn790gl,paper_copy,0.000,86.2,2.10,93.0,100.0,33.3,0
cmu6dga0m0047ps542qhy778e,paper_copy,0.000,86.2,4.23,93.0,90.7,33.3,0
cmu6dgagh0049ps54b51cx8ar,paper_copy,0.000,86.2,1.18,93.0,49.7,0.0,1
cmu6dgaks004bps548vkm6ufx,paper_copy,0.000,86.2,1.25,86.0,43.4,0.0,1
cmu6dgavk004dps54vrvh69va,paper_copy,0.000,86.2,1.72,79.0,54.4,0.0,1
cmu6dgazp004fps546k69haau,paper_copy,0.000,86.2,11.08,86.0,43.4,0.0,1
cmu6dgb3e004hps54ow6hg25w,paper_copy,0.000,86.2,10.59,93.0,49.7,33.3,1
cmu6dgb74004jps5445dm5jtr,paper_copy,0.000,86.2,15.16,79.0,54.4,0.0,1
cmu6dgbf5004lps54jl5xkyaw,paper_copy,0.720,95.1,2.11,93.0,100.0,33.3,0
cmu6dgbiw004nps54ctcyxtze,paper_copy,0.770,91.3,18.50,95.8,100.0,73.3,1
cmu6dgbt5004pps54ci6k387z,paper_copy,0.640,91.3,18.17,91.6,100.0,33.3,1
cmu6dgd4z004rps54m3volids,paper_copy,0.810,91.3,18.72,98.6,100.0,86.7,1
cmu6dgdg8004tps544src697v,paper_copy,0.680,91.3,15.11,93.0,100.0,33.3,1
cmu6dgdsh004vps546k6ruf2g,paper_copy,0.810,91.3,18.64,98.6,100.0,86.7,1
cmu6dge3a004xps54o9kygoi2,paper_copy,0.610,89.2,5.46,86.0,100.0,0.0,0
cmu6dge75004zps546885p69p,paper_copy,0.610,89.2,2794.54,86.0,100.0,0.0,0
cmu6dgefm0051ps54l0fi796p,paper_copy,0.640,93.8,10.40,86.0,100.0,0.0,0
cmu6dgejx0053ps54j6cgz4yy,paper_copy,0.640,93.8,9.85,86.0,100.0,0.0,1
cmu6dgero0055ps54pilvf4hm,paper_copy,0.560,89.2,4.33,93.0,100.0,33.3,1
cmu6dgf1x0057ps54memvy71y,paper_copy,0.860,95.7,9.43,79.0,100.0,33.3,1
cmu6dgfd70059ps54wn933fte,paper_copy,0.740,95.7,8.10,51.0,100.0,0.0,0
cmu6dgfmt005bps54l5uz02ns,paper_copy,0.620,93.8,13.00,93.0,100.0,0.0,1
cmu6dgfqx005dps541j0jxxjb,paper_copy,0.000,92.2,5.04,93.0,100.0,33.3,1
cmu6dgfzh005fps54a2gxnwz4,paper_copy,0.560,89.2,3917.93,93.0,100.0,33.3,1
cmu6dgg9x005hps54gwwtnz5b,paper_copy,0.590,95.1,38.11,93.7,100.0,49.7,1
cmu6dggkp005jps54vk4la2j4,paper_copy,0.650,95.7,36.97,98.6,100.0,64.2,1
cmu6dggut005lps54fhnaf0wk,paper_copy,0.630,95.7,7.18,79.0,100.0,0.0,0
cmu6dgh5h005nps5496awwly7,paper_copy,0.740,95.7,6.02,93.0,100.0,33.3,1
cmu6dghgb005pps54nmj1yf7j,paper_copy,0.000,86.2,65.33,65.0,100.0,0.0,0
cmu6dghr7005rps54hibxk2co,paper_copy,0.760,94.4,20.19,86.0,100.0,0.0,0
cmu6dghvn005tps54g1pojns4,paper_copy,0.000,86.2,42.84,93.0,100.0,0.0,1
cmu6dgi8l005vps54qjgwi676,paper_copy,0.690,93.8,2.37,86.0,41.1,100.0,0
cmu6dgiiv005xps546oszxdr2,paper_copy,0.880,95.7,21.04,86.0,38.8,0.0,0
cmu6dgitm005zps54hfz96cez,paper_copy,1.000,93.8,8.20,86.0,100.0,0.0,0
cmu6dgj1n0061ps54qru3ib5d,paper_copy,0.970,93.8,6.40,79.0,100.0,0.0,0
cmu6dgja30063ps54tq5j4p7j,paper_copy,0.710,93.8,2.01,79.0,100.0,33.3,0
cmu6dgji30065ps54m0iwp77y,paper_copy,0.740,95.7,9.24,79.0,84.5,0.0,1
cmu6dgjm90067ps54b0c4vel5,paper_copy,0.740,95.7,36.95,79.0,84.5,0.0,1
cmu6dgjw70069ps54fkbhp14b,paper_copy,0.620,93.6,31.54,66.4,100.0,0.0,1
cmu6dgk0h006bps542e7m6fgv,paper_copy,0.620,94.4,73.28,66.4,100.0,0.0,1
cmu6dgkag006dps54gfr0gohh,paper_copy,0.630,93.8,2.53,93.0,100.0,0.0,0
cmu6dgkkt006fps54ngul4csh,paper_copy,0.000,86.2,6.51,93.0,100.0,0.0,1
cmu6dgkp2006hps542b5pwled,paper_copy,0.000,86.2,11.92,86.0,100.0,0.0,0
cmu6dgkzh006jps54vn4sfup3,paper_copy,0.000,86.2,13.61,93.0,100.0,33.3,1
cmu6dgl4s006lps54prke3iu4,paper_copy,0.710,93.8,3.13,79.0,100.0,33.3,1
cmu6dglff006nps54cl3034o2,paper_copy,0.000,92.2,2.85,79.0,100.0,0.0,1
cmu6dglq7006pps544itjrkmk,paper_copy,0.000,92.2,8.10,79.0,100.0,0.0,0
cmu6dglyf006rps54z39ywwrm,paper_copy,0.990,95.1,3.08,86.0,100.0,0.0,1
cmu6dgm6u006tps54gpg4pyj2,paper_copy,0.000,92.2,11.15,86.0,77.2,0.0,1
cmu6dgmb2006vps54t0joeyv4,paper_copy,0.000,92.2,7.03,93.0,100.0,33.3,0
cmu6dgmjb006xps54dpo09eo2,paper_copy,0.000,92.2,13.20,86.0,100.0,14.1,1
cmu6dgmub006zps54cv2v8899,paper_copy,0.000,92.2,3.54,86.0,100.0,0.0,1
cmu6dgn4k0071ps5491sikuxm,paper_copy,0.640,93.8,6.24,86.0,100.0,0.0,0
cmu6dgnf70073ps54g2z9j64g,paper_copy,0.980,95.7,7.59,93.0,100.0,0.0,1
cmu6dgnqq0075ps549i81qdjs,paper_copy,0.650,93.8,10.00,93.0,100.0,0.0,0
cmu6dgo1c0077ps54ou8usqrb,paper_copy,0.000,95.7,9.52,93.0,100.0,33.3,0
cmu6dgobc0079ps545jdcr6us,paper_copy,0.000,92.2,3.07,93.0,95.3,33.3,1
cmu6dgof5007bps544qvuzkme,paper_copy,0.000,92.2,1.32,93.0,100.0,33.3,0
cmu6dgolf007dps54dyi3avj0,paper_copy,0.000,92.2,3.69,86.0,90.9,0.0,1
cmu6dgou1007fps54iu1olr2w,paper_copy,0.000,86.2,9.43,93.0,100.0,33.3,1
cmu6dgp42007hps54401z036v,paper_copy,0.000,86.2,18.87,65.0,100.0,0.0,0
cmu6dgpf2007jps543nu3360a,paper_copy,0.000,86.2,19.18,58.0,48.1,0.0,1
cmu6dgppk007lps54d7rf7dre,paper_copy,0.000,86.2,7.59,72.0,78.8,0.0,1
cmu6dgq24007nps54tflefw30,paper_copy,0.000,86.2,7.99,86.0,100.0,38.6,0
cmu6dgqcu007pps54idet9soy,paper_copy,0.000,86.2,9.30,86.0,50.5,0.0,1
cmu6dgql0007rps54mewxamdk,paper_copy,0.000,86.2,5.22,93.0,100.0,0.0,0
cmu6dgqvk007tps54noou4jhm,paper_copy,0.640,93.8,25.38,88.8,100.0,0.0,0
cmu6dgr59007vps548gxsemcw,paper_copy,0.860,95.1,5.82,86.0,80.9,0.0,1
cmu6dgr8v007xps542uz65spd,paper_copy,0.820,95.1,4.20,86.0,63.2,0.0,0
cmu6dgrch007zps54dcep9yoc,paper_copy,0.860,95.1,5.82,86.0,80.9,0.0,1
cmu6dgrmx0081ps5472y3jpp9,paper_copy,0.630,93.8,13.00,93.0,60.3,33.3,1
cmu6dgrqp0083ps54qarotjbq,paper_copy,0.860,92.2,3.44,79.0,100.0,33.3,0
cmu6dgryv0085ps54afp671ic,paper_copy,0.000,92.2,6.95,65.0,100.0,0.0,1
cmu6dgs9r0087ps541os8yo8u,paper_copy,0.000,92.2,6.86,65.0,100.0,0.0,0
cmu6dgslu0089ps54o0p8btxw,paper_copy,0.000,92.2,9.70,72.0,100.0,0.0,0
cmu6dgsw7008bps54ey5p3cq5,paper_copy,0.000,86.2,6.65,93.0,41.6,33.3,1
cmu6dgt8b008dps54mcjqysbd,paper_copy,0.680,92.2,3.66,86.0,100.0,100.0,0
cmu6dgtby008fps54hw7n0n0y,paper_copy,0.640,92.2,3.66,86.0,100.0,100.0,1
cmu6dgtjr008hps54j257j4aw,paper_copy,0.570,92.2,46.73,93.0,100.0,33.3,1
cmu6dgtv3008jps54zw0rft5i,paper_copy,0.570,92.2,73.24,94.4,100.0,46.7,1
cmu6dgu7z008lps54vz6xkt9i,paper_copy,0.570,92.2,26.00,72.0,41.4,100.0,1
cmu6dguid008nps544bwnsvs4,paper_copy,0.710,92.2,2.71,86.0,100.0,100.0,1
cmu6dgutj008pps54akfcxlvy,paper_copy,0.600,92.2,3.35,77.6,100.0,46.7,0
cmu6dguxj008rps54565xnyod,paper_copy,0.630,95.7,3.90,86.0,100.0,0.0,1
cmu6dgv8f008tps54krifcnek,paper_copy,0.850,92.2,3.90,93.0,100.0,33.3,1
cmu6dgvim008vps54ye2v40uz,paper_copy,0.800,92.2,2.66,93.0,100.0,0.0,0
cmu6dgvrr008xps548gv6f7m4,paper_copy,0.570,92.2,17.19,91.6,100.0,33.3,1
cmu6dgvvr008zps5495x5o9xg,paper_copy,0.660,92.2,4.55,86.0,70.8,100.0,1
cmu6dgvzy0091ps5490uqfp3t,paper_copy,0.640,95.7,6.14,93.0,100.0,0.0,1
cmu6dgw3m0093ps547af2u3o7,paper_copy,0.000,95.7,8.08,93.0,100.0,0.0,1
cmu6dgw7w0095ps549qar7i86,paper_copy,0.000,95.1,37.33,93.0,100.0,33.3,1
cmu6dgwbn0097ps54xcmffixf,paper_copy,0.000,95.7,32.32,93.0,100.0,0.0,1
cmu6dgxel0099ps54iw1p4q7y,paper_copy,0.000,94.7,644.66,93.0,100.0,33.3,0
cmu6dgxof009bps5471kykg9v,paper_copy,0.720,90.2,49.74,93.0,100.0,33.3,1
cmu6dgxvc009dps54tewkdnka,paper_copy,0.000,90.2,99.49,93.0,100.0,33.3,1
cmu6dgxzf009fps54351jv8v2,paper_copy,0.800,92.2,6.99,93.0,100.0,0.0,0
cmu6dgy9q009hps54huft7zni,paper_copy,0.000,92.2,61.03,72.0,100.0,0.0,1
cmu6dgye4009jps547yu2kwrq,paper_copy,0.850,92.2,10.22,93.0,100.0,33.3,1
cmu6dgyoj009lps54nswnwgkk,paper_copy,0.600,95.7,0.30,99.3,32.5,93.3,0
cmu6dgyzg009nps54yfir61tb,paper_copy,0.580,93.8,5.60,79.0,100.0,0.0,1
cmu6dgz3j009pps54rdbg6u9x,paper_copy,0.000,86.2,4.33,93.0,100.0,33.3,1
cmu6dgz7k009rps54wvn3tycr,paper_copy,0.000,86.2,2.54,93.0,100.0,33.3,0
cmu6dgzbd009tps541muvctzl,paper_copy,0.000,86.2,0.96,93.0,100.0,0.0,0
cmu6dgzfn009vps5449r6hynn,paper_copy,0.000,86.2,1.57,93.0,100.0,33.3,1
cmu6dgzjp009xps54i2xi5457,paper_copy,0.000,86.2,1.48,79.0,100.0,33.3,1
cmu6dgzq3009zps54uij79euk,paper_copy,0.000,94.1,122.40,99.3,100.0,0.0,0
cmu6dh00u00a1ps543zj3p9sp,paper_copy,0.000,86.2,0.45,93.0,100.0,33.3,0
cmu6dh0bk00a3ps54nv4kltuu,paper_copy,0.000,86.2,1.08,93.0,100.0,33.3,1
cmu6dh0jn00a5ps546iv0ppy8,paper_copy,0.000,95.1,21.30,93.0,100.0,33.3,1
cmu6dh0tp00a7ps54pyk2jkgn,paper_copy,0.000,95.1,11.52,93.0,100.0,33.3,0
cmu6dh11t00a9ps5461twpf3i,paper_copy,0.540,86.2,9.14,86.0,100.0,100.0,1
cmu6dh1d400abps54icdtyhwr,paper_copy,0.680,90.2,99.49,93.0,100.0,33.3,1
cmu6dh1hd00adps54rtvf8osk,paper_copy,0.750,86.2,4.26,86.0,100.0,0.0,0
cmu6dh1m600afps54qowak8e3,paper_copy,0.640,86.2,7.84,93.0,100.0,33.3,1
cmu6dh1qa00ahps546ki3bfq5,paper_copy,0.710,86.2,6.76,86.0,100.0,0.0,1
cmu6dh20100ajps54ptvag88h,paper_copy,0.640,86.2,6.73,93.0,62.9,0.0,1
cmu6dh23n00alps54tzcihhn1,paper_copy,0.750,86.2,10.26,86.0,100.0,0.0,0
cmu6dh28800anps54ot82ca4r,paper_copy,0.640,86.2,18.88,93.0,100.0,33.3,1
cmu6dh2c200apps54sy2vssit,paper_copy,0.710,86.2,16.28,86.0,100.0,0.0,1
cmu6dh2sn00arps54xzqhotop,paper_copy,0.700,86.2,5.90,79.0,82.5,0.0,0
cmu6dh2ww00atps54tq4dkjln,paper_copy,0.700,86.2,10.20,79.0,82.5,0.0,0
cmu6dh30n00avps545r6yf69b,paper_copy,0.730,86.2,34.94,86.0,97.9,0.0,1
cmu6dh34n00axps54qxfphms4,paper_copy,0.700,86.2,5.20,79.0,82.5,0.0,0
cmu6dh3ew00azps54o5024ebr,paper_copy,0.680,86.2,9.30,86.0,99.7,58.7,1
cmu6dh3ik00b1ps54kuffp0lx,paper_copy,0.730,86.2,5.62,86.0,97.9,0.0,1
cmu6dh3mt00b3ps54g3u1vwa9,paper_copy,1.000,86.2,11.27,86.0,97.9,100.0,1
cmu6dh3ql00b5ps54drng4gts,paper_copy,0.610,86.2,17.56,86.0,99.7,35.7,1
cmu6dh40l00b7ps54whiq2p6v,paper_copy,0.600,86.2,2.35,86.0,56.6,100.0,0
cmu6dh44p00b9ps54plwwz5ef,paper_copy,0.600,86.2,2.15,86.0,56.6,100.0,0
cmu6dh6rf00bbps54mzcoydet,paper_copy,0.620,89.5,5.91,79.7,59.8,26.7,1
cmu6dh6zk00bdps54oxqnl41k,paper_copy,0.860,86.2,5.22,93.0,93.2,33.3,0
cmu6dh7ai00bfps54539zk38i,paper_copy,0.600,86.2,6.20,72.0,54.1,0.0,1
cmu6dh7f500bhps54p2yqtefe,paper_copy,0.990,89.5,3.38,93.0,93.2,33.3,0
cmu6dh7nf00bjps54lveqvwul,paper_copy,0.560,89.5,6.21,79.0,75.3,0.0,1
cmu6dh7r300blps546wb03uwi,paper_copy,0.730,89.5,3.88,72.0,54.1,0.0,1
cmu6dh7z800bnps54v8pe4946,paper_copy,0.650,86.2,6.42,86.0,100.0,100.0,0
cmu6dh83000bpps54p7pacqtd,paper_copy,0.670,86.2,4.30,86.0,100.0,100.0,0
cmu6dh87000brps540kl9qgb0,paper_copy,0.610,86.2,1.85,82.5,100.0,66.7,0
cmu6dh8fq00btps542hje2vn4,paper_copy,0.770,91.3,4.98,93.0,100.0,0.0,1
cmu6dh8pq00bvps549cc91aam,paper_copy,0.600,94.4,5.32,86.0,100.0,0.0,0
cmu6dh8tp00bxps54hceox2as,paper_copy,0.600,94.4,2.37,81.8,100.0,0.0,1
cmu6dh9yz00bzps54o99iyifv,paper_copy,0.000,94.7,3.14,93.0,100.0,33.3,0
cmu6dha8o00c1ps54535t1qmx,paper_copy,0.000,95.7,7.79,86.0,81.8,0.0,1
cmu6dhaid00c3ps54fyyzkdja,paper_copy,0.900,91.3,30.10,93.0,100.0,33.3,0
cmu6dhama00c5ps54mv6nixq9,paper_copy,0.850,91.3,41.37,93.0,100.0,33.3,1
cmu6dhaqb00c7ps54dwmwidys,paper_copy,0.900,91.3,99.69,93.0,100.0,33.3,0
cmu6dhaty00c9ps54n062chrn,paper_copy,0.850,91.3,136.99,93.0,100.0,33.3,1
cmu6dhb2s00cbps54237p4u5p,paper_copy,0.850,91.3,41.37,93.0,100.0,33.3,1
cmu6dhb6s00cdps5418qdajpy,paper_copy,0.800,91.3,28.50,93.0,100.0,0.0,0
cmu6dhbev00cfps543gaeomws,paper_copy,0.950,89.2,68.08,93.0,100.0,0.0,0
cmu6dhbin00chps542z6ik0oj,paper_copy,0.950,89.2,102.20,93.0,100.0,0.0,0
cmu6dhbqd00cjps54tv7bobyu,paper_copy,0.890,94.7,18.24,93.0,100.0,33.3,0
cmu6dhbty00clps54m3we7drj,paper_copy,0.890,94.7,3.21,93.0,100.0,33.3,0
cmu6dhby700cnps543r8mu44l,paper_copy,0.890,94.7,2.35,93.0,100.0,33.3,0
cmu6dhc2100cpps54ugksq7r7,paper_copy,0.890,94.7,14.12,93.0,100.0,33.3,0
cmu6dhc5w00crps54hrqq4mmz,paper_copy,0.890,94.7,47.04,93.0,100.0,33.3,0
cmu6dhca500ctps54kum484bb,paper_copy,0.890,94.7,1.28,93.0,100.0,33.3,0
cmu6dhcdr00cvps54q4nu41iv,paper_copy,0.890,94.7,25.88,93.0,100.0,33.3,0
cmu6dhchv00cxps54luty3u6h,paper_copy,0.890,94.7,3.20,93.0,100.0,33.3,0
cmu6dhcsk00czps54r98kx0du,paper_copy,0.570,93.8,5.20,75.5,37.1,0.0,0
cmu6dhd1a00d1ps54iwja37go,paper_copy,0.600,87.6,1.43,93.0,100.0,33.3,1
cmu6dhd5l00d3ps5453pstbz4,paper_copy,0.600,87.6,769.70,93.0,100.0,33.3,1
cmu6dhd9b00d5ps549trobiq6,paper_copy,0.980,87.6,44.95,93.0,100.0,33.3,1
cmu6dhddn00d7ps544xns0giu,paper_copy,1.000,94.4,25.40,86.0,100.0,100.0,0
cmu6dhdhq00d9ps54lsk95ilb,paper_copy,0.600,87.6,9.55,93.0,100.0,33.3,1
cmu6dhdtw00dbps54nk5vzjuj,paper_copy,0.850,87.4,2.34,93.0,100.0,0.0,0
cmu6dhdy300ddps54wr5cjg7y,paper_copy,0.850,87.4,73.68,93.0,100.0,0.0,0
cmu6dhe2000dfps5489lauar0,paper_copy,0.850,87.4,0.10,93.0,100.0,0.0,0
cmu6dhe6100dhps54b2yqpu4s,paper_copy,0.850,87.4,18.17,93.0,100.0,0.0,0
cmu6dhe9s00djps54ex6z04hb,paper_copy,0.850,87.4,173.80,93.0,100.0,0.0,0
cmu6dhiq100dlps54fu5qfhbf,paper_copy,0.870,87.4,574.15,93.0,100.0,8.8,0
cmu6dhitt00dnps548dkfdd2z,paper_copy,0.600,87.6,2.26,93.0,100.0,33.3,1
cmu6dhjwq00dpps54y033mz4s,paper_copy,0.680,95.1,1.77,93.0,100.0,33.3,1
cmu6dhk7z00drps542tk0m0zu,paper_copy,0.600,95.1,6.23,86.0,100.0,0.0,1
cmu6dhlaj00dtps54hk2tota0,paper_copy,0.710,95.1,16.27,79.0,100.0,33.3,0
cmu6dhlfv00dvps54pqo2inme,paper_copy,0.950,87.4,411.85,93.0,100.0,33.3,0
cmu6dhljt00dxps54lua91xen,paper_copy,0.950,87.4,3.73,93.0,100.0,33.3,0
cmu6dhlnl00dzps54rl1mxt70,paper_copy,0.950,87.4,3.73,93.0,100.0,33.3,0
cmu6dhlrs00e1ps54ub07ef7i,paper_copy,0.950,87.4,3.73,93.0,100.0,33.3,0
cmu6dhlvf00e3ps54kol5t2ez,paper_copy,0.950,87.4,23.46,93.0,100.0,33.3,0
cmu6dhlzb00e5ps54pts3uljb,paper_copy,0.560,94.4,5.10,93.0,100.0,33.3,1
cmu6dhmf400e7ps54ttn9g4a5,paper_copy,0.640,87.6,1172.94,93.0,100.0,33.3,1
cmu6dhmjn00e9ps54xrd34lk3,paper_copy,0.600,87.6,1711.31,93.0,100.0,33.3,1
cmu6dhmn900ebps54gmj66km0,paper_copy,0.640,87.6,0.96,93.0,100.0,33.3,1
cmu6dhnq600edps5426jkh6vo,paper_copy,0.760,95.7,7.50,72.0,100.0,100.0,1
cmu6dhntv00efps54zvjhg1fw,paper_copy,0.710,95.1,4.43,93.0,91.2,33.3,1
cmu6dhow500ehps544oqujz1o,paper_copy,0.950,89.2,41.63,93.0,100.0,0.0,1
cmu6dhp0800ejps548lbh61wf,paper_copy,0.950,89.2,355.13,93.0,100.0,0.0,1
cmu6dhupm00elps54xyk658oi,paper_copy,0.710,95.7,29.98,93.0,100.0,33.3,1
cmu6dhutb00enps54a7cgvkbp,paper_copy,0.000,94.4,17.85,86.0,86.4,0.0,1
cmu6dhv3h00epps54vq58i0ku,paper_copy,0.600,87.6,29471.48,93.0,100.0,33.3,1
cmu6di18h00erps548r0zm30f,watchlist,0.590,88.5,9.20,86.0,100.0,100.0,0
cmu6di1cx00etps547rotunao,watchlist,1.000,88.5,37.78,97.9,100.0,36.8,0
cmu6di1hg00evps54ubbut5id,watchlist,0.760,88.5,1.16,67.1,100.0,36.8,1
cmu6di1q900exps54x115zlgq,watchlist,0.740,88.5,3.73,86.0,100.0,100.0,1
cmu6di3un00ezps54rsgqtuzy,watchlist,0.660,84.1,35.50,86.0,100.0,100.0,0
cmu6di45300f1ps54ayqfqhem,watchlist,0.520,86.8,9.43,86.0,100.0,100.0,0
cmu6di4fm00f3ps54ztak37z9,watchlist,0.530,86.8,26.23,99.3,45.4,78.9,0
cmu6di4rn00f5ps54bm7mnsd6,watchlist,0.520,86.8,6.47,86.0,100.0,100.0,0
cmu6di51p00f7ps54guam2479,watchlist,0.720,88.5,4.28,86.0,100.0,100.0,0
cmu6di6b000f9ps5463715162,watchlist,0.740,88.5,3.57,86.0,100.0,100.0,1
cmu6di6n300fbps54ijvohofx,watchlist,0.490,88.5,24.53,72.0,100.0,100.0,0
cmu6di6xx00fdps54w2rylj6l,watchlist,0.380,84.1,44.26,86.0,60.9,100.0,0
cmu6di78f00ffps54f0v1wm9l,watchlist,0.480,88.5,38.09,86.0,100.0,100.0,0
cmu6di7iv00fhps543tkjfs71,watchlist,0.730,86.8,28.47,86.0,100.0,100.0,0
cmu6di7n100fjps54cbagj85s,watchlist,0.730,86.8,28.47,86.0,100.0,100.0,0
cmu6di8tm00flps54ct9baybb,watchlist,0.520,86.8,9.52,86.0,100.0,100.0,0
cmu6di8xm00fnps54tryqwlcb,watchlist,0.520,86.8,9.52,86.0,100.0,100.0,0
cmu6di99g00fpps54gb82hid8,watchlist,0.330,86.8,8.19,86.0,100.0,28.8,0
cmu6dibnq00frps546c6m1qpn,watchlist,0.520,86.8,36.68,95.1,100.0,36.8,0
cmu6dibz300ftps54h9k90h3c,watchlist,0.970,86.8,28.05,95.8,100.0,57.9,0
cmu6dicw400fvps54873gy0yt,watchlist,0.760,86.8,5.90,86.0,100.0,100.0,1
cmu6didz200fxps54alg5mv3l,watchlist,0.700,84.1,27.50,86.0,100.0,100.0,0
cmu7sura40001eabh75l77vbu,paper_copy,0.000,88.0,5.27,88.3,100.0,0.0,0
cmu7surk10003eabhi2evkluc,paper_copy,0.440,92.1,9.62,88.3,100.0,0.0,0
cmu7suruc0005eabhaemsb12b,paper_copy,0.000,88.0,128.51,88.3,100.0,0.0,1
cmu7sus450007eabh7l6n61sb,paper_copy,0.460,90.3,1.02,88.3,100.0,0.0,0
cmu7suseh0009eabhebw2u6td,paper_copy,0.540,93.0,0.90,88.3,100.0,0.0,1
cmu7suspp000beabhboq9lz9l,paper_copy,0.000,85.1,1.36,88.3,26.2,0.0,0
cmu7suszy000deabh7ls51tzo,paper_copy,0.000,82.5,7.93,53.3,94.8,0.0,1
cmu7suta8000feabhuxm5fykc,paper_copy,0.000,93.0,9.49,76.7,32.8,0.0,1
cmu7sutkb000heabhwb1zxkbt,paper_copy,0.350,93.0,7.54,88.3,77.3,0.0,0
cmu7sutol000jeabhun40zl33,paper_copy,0.430,85.1,9.40,88.3,77.3,0.0,0
cmu7sutyu000leabh58uskffo,paper_copy,0.000,82.5,5.50,41.7,40.7,0.0,0
cmu7suu9d000neabhloqg2p16,paper_copy,0.000,85.1,4.88,30.0,66.9,0.0,0
cmu7suuhj000peabh7c36ol7g,paper_copy,0.320,85.1,7.96,65.0,64.7,0.0,1
cmu7suull000reabhhvwtjbxt,paper_copy,0.000,82.5,7.11,88.3,100.0,0.0,0
cmu7suuvx000teabh843we7ki,paper_copy,0.320,85.1,3.36,88.3,42.9,0.0,0
cmu7suv6f000veabh61wtpoz2,paper_copy,0.350,85.1,1.90,76.7,56.2,0.0,1
cmu7suvev000xeabhi92zpnu2,paper_copy,0.000,85.5,4.45,53.3,100.0,0.0,0
cmu7suvq0000zeabh6k7pjpt1,paper_copy,0.320,85.1,3.60,53.3,68.9,0.0,1
cmu7suw1a0011eabhwrbrluv8,paper_copy,0.360,85.1,3.21,76.7,61.0,0.0,0
cmu7suwee0013eabhuf2w0yyy,paper_copy,0.310,93.0,1.65,76.7,82.7,0.0,1
cmu7suwij0015eabhsohzqrmb,paper_copy,0.390,85.1,2.44,76.7,82.7,0.0,1
cmu7suwt00017eabho54ifmef,paper_copy,0.000,80.6,4.84,76.7,81.8,0.0,1
cmu7sux1n0019eabhhlbmlmqr,paper_copy,0.330,80.6,6.42,88.3,100.0,0.0,1
cmu7sux5w001beabh0sok6uqh,paper_copy,0.380,93.0,9.62,88.3,100.0,0.0,1
cmu7suxge001deabhegl20juv,paper_copy,0.000,80.6,31.15,88.3,100.0,0.0,1
cmu7suxr5001feabhfwd3w4re,paper_copy,0.000,93.0,10.95,76.7,78.3,0.0,1
cmu7suy1q001heabh3v451qa5,paper_copy,0.000,85.1,6.60,41.7,68.5,0.0,1
cmu7suy5u001jeabhimw9xipu,paper_copy,0.000,85.1,13.42,76.7,100.0,0.0,0
cmu7suyea001leabhr0gpcpdb,paper_copy,0.000,85.1,14.40,88.3,100.0,0.0,0
cmu7sv1bi001neabhbii0xlf6,paper_copy,0.680,95.7,2.10,51.0,47.3,0.0,0
cmu7sv1m3001peabhx04du8r3,paper_copy,0.560,87.6,5208.84,93.0,100.0,33.3,0
cmu7sv1py001reabhlh4gtpbx,paper_copy,0.560,87.6,13800.00,93.0,100.0,33.3,0
cmu7sv1ug001teabh9n3i1kag,paper_copy,0.560,94.4,25.11,93.0,100.0,33.3,0
cmu7sv25a001veabhxg7w7w57,paper_copy,0.760,94.4,5.70,86.0,100.0,100.0,1
cmu7sv2dh001xeabhjed0ym09,paper_copy,0.580,87.6,9247.10,93.0,100.0,33.3,0
cmu7sv2oh001zeabh13uwch4w,paper_copy,0.000,90.2,199.02,93.0,100.0,0.0,0
cmu7sv2yv0021eabhj0orzm08,paper_copy,0.640,88.6,1014.00,93.0,100.0,33.3,1
cmu7sv38r0023eabhzrykug6e,paper_copy,0.000,94.4,9.23,79.0,38.2,0.0,0
cmu7sv3j90025eabhlw5di9u4,paper_copy,0.000,94.4,13.35,72.0,43.7,0.0,1
cmu7sv3qz0027eabhvfghvj3s,paper_copy,0.000,95.7,7.20,65.0,67.9,33.3,0
cmu7sv3ux0029eabhb3w4p51a,paper_copy,0.000,95.7,2.10,65.0,67.9,0.0,0
cmu7sv44u002beabhb1cy8643,paper_copy,0.820,95.7,7.98,65.0,100.0,0.0,1
cmu7sv49s002deabhxjim7lyk,paper_copy,0.570,94.4,5.70,93.0,100.0,33.3,1
cmu7sv4hy002feabh3fk5dtxf,paper_copy,0.600,87.6,2.15,93.0,100.0,33.3,1
cmu7sv4ry002heabhi7caq89m,paper_copy,0.000,95.1,8.40,72.0,100.0,0.0,1
cmu7sv53l002jeabh3bu10g4f,paper_copy,0.000,94.4,3.15,86.0,74.4,0.0,0
cmu7sv57p002leabhh6fnm8ha,paper_copy,0.600,87.6,28653.56,93.0,100.0,33.3,1
cmu7sv5ft002neabhktizz6a8,paper_copy,0.000,93.6,1.07,52.4,23.3,0.0,1
cmu7sv5jw002peabhkqj57cn3,paper_copy,0.000,90.2,497.09,86.0,100.0,0.0,0
cmu7sv5sf002reabhk36rb36g,paper_copy,0.670,95.1,38.09,86.0,100.0,100.0,1
cmu7sv62c002teabhcoid770n,paper_copy,0.000,94.4,5.47,86.0,100.0,0.0,1
cmu7sv6g6002veabhsqyjff0f,paper_copy,0.000,94.4,29.40,72.0,71.5,0.0,0
cmu7sv6r5002xeabhnkfhn6fz,paper_copy,0.000,94.4,18.09,93.0,100.0,33.3,1
cmu7sv71z002zeabh88yhkhto,paper_copy,0.000,95.1,4.92,72.0,34.8,0.0,0
cmu7sv7iz0031eabhbhkgahe7,paper_copy,0.000,95.1,8.27,72.0,82.5,0.0,0
cmu7sv7nn0033eabhasmdj6y8,paper_copy,0.000,94.4,12.11,79.0,81.1,0.0,1
cmu7sv7w70035eabhad72ylfu,paper_copy,0.000,94.4,20.97,72.0,54.1,0.0,1
cmu7sv80q0037eabh2g0uh1xu,paper_copy,0.000,94.4,10.84,93.0,48.3,33.3,0
cmu7sv8b00039eabhy2419gvw,paper_copy,0.000,94.4,4.03,65.0,24.0,33.3,0
cmu7sv8l4003beabhba1m8wk8,paper_copy,0.000,94.4,6.10,65.0,33.2,33.3,0
cmu7sv8qb003deabhe08b5pra,paper_copy,0.000,94.4,8.12,72.0,54.1,0.0,1
cmu7sv8un003feabhxbslinbs,paper_copy,0.000,94.4,3.79,93.0,48.3,0.0,0
cmu7sv8ys003heabh7273qems,paper_copy,0.000,94.4,5.27,79.0,81.1,0.0,1
cmu7sv9a2003jeabhl06pckvp,paper_copy,0.000,93.8,16.98,86.0,45.1,0.0,1
cmu7sv9ea003leabhk75kfozs,paper_copy,0.000,95.7,29.20,51.0,87.0,0.0,1
cmu7sv9if003neabhss6wznk4,paper_copy,0.000,95.1,18.00,65.0,25.9,33.3,0
cmu7sv9r7003peabhbyz1s00m,paper_copy,0.710,93.8,41.60,99.3,99.9,80.0,1
cmu7sva2a003reabh64zw89s5,paper_copy,0.000,94.7,1.45,86.0,100.0,0.0,0
cmu7svafi003teabhingla7dl,paper_copy,0.560,95.1,3.15,72.0,100.0,0.0,1
cmu7svapx003veabh8odj2w39,paper_copy,0.810,94.7,2.55,93.0,100.0,0.0,0
cmu7svatv003xeabh3u6wzdy1,paper_copy,0.810,94.7,2.55,93.0,100.0,0.0,0
cmu7svaxr003zeabhdw6n0pby,paper_copy,0.810,94.7,2.55,93.0,100.0,0.0,0
cmu7svb220041eabht2200zbl,paper_copy,0.810,94.7,49.47,93.0,100.0,0.0,0
cmu7svb7b0043eabhwjbsug3f,paper_copy,0.810,94.7,127.22,93.0,100.0,0.0,0
cmu7svbl10045eabh35ap20al,paper_copy,0.580,95.1,7.89,93.0,100.0,33.3,1
cmu7svbvp0047eabhmp0gimwq,paper_copy,0.540,94.7,0.30,93.0,100.0,33.3,0
cmu7svbzw0049eabh2f1ke8lu,paper_copy,0.540,94.7,6.34,93.0,100.0,33.3,0
cmu7svc5o004beabhj64pj8jw,paper_copy,0.540,94.7,6.60,93.0,100.0,33.3,1
cmu7svcaa004deabh93j0k147,paper_copy,0.810,94.7,287.39,93.0,100.0,0.0,0
cmu7svcen004feabhlzsk8xv3,paper_copy,0.810,94.7,2.55,93.0,100.0,0.0,0
cmu7svcj5004heabh09w5ajzq,paper_copy,0.810,94.7,1.43,93.0,100.0,0.0,0
cmu7svcnb004jeabhw4fb7nto,paper_copy,0.810,94.7,2.55,93.0,100.0,0.0,0
cmu7svcrb004leabhcy66o6nt,paper_copy,0.810,94.7,2.55,93.0,100.0,0.0,0
cmu7svcvg004neabhwch7en00,paper_copy,0.810,94.7,196.86,93.0,100.0,0.0,0
cmu7svczm004peabhqh8x1ja3,paper_copy,0.810,94.7,2.55,93.0,100.0,0.0,0
cmu7svda0004reabhzr85443m,paper_copy,0.590,90.2,99.50,93.0,100.0,33.3,1
cmu7svdjr004teabh49b463tf,paper_copy,0.620,90.2,99.50,93.0,100.0,33.3,1
cmu7svduq004veabhobw784pp,paper_copy,0.700,90.2,99.50,93.0,100.0,33.3,1
cmu7svdz3004xeabhtwz2r6t8,paper_copy,0.810,94.7,2.55,93.0,100.0,0.0,0
cmu7sve34004zeabh7jdecar4,paper_copy,0.810,94.7,31.22,93.0,100.0,0.0,0
cmu7sveg60051eabh1692sdn8,paper_copy,0.000,95.1,0.60,93.0,100.0,0.0,1
cmu7sveqx0053eabhgyv465ap,paper_copy,0.000,95.1,6.51,88.8,100.0,6.7,1
cmu7svf1q0055eabhe4luw41r,paper_copy,0.000,95.1,1.58,72.0,100.0,0.0,1
cmu7svf650057eabhiyv4ihnh,paper_copy,0.570,95.1,6.40,79.0,100.0,0.0,1
cmu7svfga0059eabh0dtzzgne,paper_copy,0.000,95.1,8.85,93.0,100.0,0.0,1
cmu7svfqr005beabhxdl5vwjx,paper_copy,0.000,95.1,6.68,79.0,20.8,0.0,1
cmu7svg10005deabh3uqfqaz9,paper_copy,0.000,95.1,39.83,58.0,24.2,0.0,0
cmu7svgbb005feabhqktii64c,paper_copy,0.000,95.1,36.66,65.0,73.3,66.7,1
cmu7svgk9005heabhzucd7ara,paper_copy,0.000,95.1,2.70,51.0,48.1,0.0,0
cmu7svgys005jeabhabqbdfo8,paper_copy,0.000,95.7,8.76,93.0,100.0,33.3,1
cmu7svh3i005leabhgzrlthua,paper_copy,0.560,95.1,2.33,72.0,100.0,0.0,1
cmu7svh7f005neabh4f8i3hx8,paper_copy,0.000,95.1,26.56,86.0,100.0,0.0,1
cmu7svhbq005peabhxv19ya1h,paper_copy,0.000,95.7,24.90,79.0,100.0,0.0,1
cmu7svhnt005reabhim4ng569,paper_copy,0.000,95.1,0.84,86.0,100.0,0.0,0
cmu7svhy1005teabhjh5qxeqg,paper_copy,0.720,90.2,99.52,93.0,100.0,33.3,1
cmu7svi83005veabhjp4py5js,paper_copy,0.600,90.2,286.58,93.0,100.0,33.3,0
cmu7sviem005xeabh9xm2ohx5,paper_copy,0.670,90.2,99.50,93.0,100.0,33.3,0
cmu7svin4005zeabhcmnpwand,paper_copy,0.550,92.2,19.44,93.0,100.0,33.3,0
cmu7sviyi0061eabh87uhcx8j,paper_copy,0.670,90.2,99.50,93.0,100.0,33.3,0
cmu7svj5k0063eabhdy8ogly8,paper_copy,0.550,92.2,0.54,93.0,100.0,33.3,0
cmu7svow50065eabhr7agtjy5,paper_copy,0.570,95.1,6.52,79.0,100.0,0.0,1
cmu7svp0b0067eabho958k6p2,paper_copy,0.570,95.1,19.74,79.0,100.0,0.0,1
cmu7svpah0069eabht4gwrkgf,paper_copy,0.950,89.2,372.65,93.0,100.0,33.3,0
cmu7svpl2006beabhqfgsbcf5,paper_copy,0.670,95.7,6.20,65.0,92.1,33.3,0
cmu7svpvt006deabh4bt6s76j,paper_copy,0.560,85.2,948.16,93.0,100.0,33.3,0
cmu7svq6a006feabh0g2ah5j2,paper_copy,1.000,95.7,6.50,86.0,100.0,0.0,0
cmu7svqa7006heabh1tslprjd,paper_copy,1.000,95.7,3.31,86.0,100.0,0.0,0
cmu7svqiq006jeabhk5hg1clp,paper_copy,0.550,85.9,338.78,93.0,100.0,33.3,1
cmu7svqmk006leabh63g7vb94,paper_copy,0.960,92.2,26500.00,93.0,100.0,33.3,1
cmu7svqqg006neabhqp3yeu8p,paper_copy,0.960,92.2,26500.00,93.0,100.0,33.3,1
cmu7svque006peabhpuhamdt1,paper_copy,0.960,92.2,31800.00,93.0,100.0,33.3,1
cmu7svqyd006reabhbgzybh7h,paper_copy,0.960,92.2,17.17,93.0,100.0,33.3,1
cmu7svr8m006teabhdcw2fcko,paper_copy,0.830,89.2,0.01,86.0,100.0,0.0,1
cmu7svrda006veabh8md233af,paper_copy,0.830,89.2,913.50,86.0,100.0,0.0,1
cmu7svrhh006xeabhdk8mdnbm,paper_copy,0.830,89.2,0.03,86.0,100.0,0.0,1
cmu7svrlm006zeabhx5gyzzpy,paper_copy,0.830,89.2,0.01,86.0,100.0,0.0,1
cmu7svrpz0071eabhsgpeg5sp,paper_copy,0.830,89.2,0.01,86.0,100.0,0.0,1
cmu7svrut0073eabhvf3kdt8q,paper_copy,0.830,89.2,0.03,86.0,100.0,0.0,1
cmu7svrz30075eabh4eous6zn,paper_copy,0.830,89.2,0.01,86.0,100.0,0.0,1
cmu7svs3j0077eabh4wnc8j2q,paper_copy,0.550,92.2,21.00,93.0,100.0,33.3,0
cmu7svs7i0079eabhdwuzq5mg,paper_copy,0.550,92.2,0.54,93.0,100.0,33.3,0
cmu7svsbh007beabhbdszy1hl,paper_copy,0.580,92.2,9906.29,93.0,100.0,33.3,1
cmu7svsg6007deabhtknhfftq,paper_copy,0.580,92.2,66.69,93.0,100.0,33.3,1
cmu7svsrf007feabhwzhj8dec,paper_copy,0.570,87.4,162.74,93.0,100.0,33.3,0
cmu7svsvi007heabhc7r0naaq,paper_copy,0.930,92.2,669.84,93.0,100.0,33.3,0
cmu7svt2e007jeabh777fs6qj,paper_copy,0.930,92.2,590.69,93.0,100.0,33.3,0
cmu7svt6i007leabhbtgfgx1c,paper_copy,0.930,92.2,1.75,93.0,100.0,33.3,0
cmu7svtgg007neabhiwpkjyr3,paper_copy,0.960,87.4,73.40,93.0,100.0,33.3,1
cmu7svtkm007peabhkkmet8y6,paper_copy,0.930,92.2,453.92,93.0,100.0,33.3,0
cmu7svtqb007reabhtfi0zemi,paper_copy,0.930,92.2,439.38,93.0,100.0,33.3,0
cmu7svtuf007teabhwvdiyjx7,paper_copy,0.930,92.2,4.97,93.0,100.0,33.3,0
cmu7svtyn007veabh5nbixynr,paper_copy,0.930,92.2,1.07,93.0,100.0,33.3,0
cmu7svu2i007xeabhbukwjtpl,paper_copy,0.930,92.2,0.59,93.0,100.0,33.3,0
cmu7svu6f007zeabh5g6jpsll,paper_copy,0.930,92.2,2.69,93.0,100.0,33.3,0
cmu7svuat0081eabhvq4v08sc,paper_copy,0.930,92.2,2.69,93.0,100.0,33.3,0
cmu7svues0083eabhk7p5hmtl,paper_copy,0.960,87.4,314.98,93.0,100.0,33.3,1
cmu7svukb0085eabhuv5e534g,paper_copy,0.960,87.4,249.00,93.0,100.0,33.3,1
cmu7svuo70087eabh7u36d1i3,paper_copy,0.960,87.4,210.00,93.0,100.0,33.3,1
cmu7svus30089eabhih28ddc6,paper_copy,0.550,92.2,53.85,93.0,100.0,33.3,0
cmu7svvui008beabhz6cjeiii,paper_copy,0.960,87.4,933.46,93.0,100.0,33.3,0
cmu7svvyp008deabhk1flenu0,paper_copy,0.550,92.2,13.46,93.0,100.0,33.3,0
cmu7svw2u008feabh1npqk8ek,paper_copy,0.960,87.4,77.94,93.0,100.0,33.3,1
cmu7svw6v008heabhkahhurtr,paper_copy,1.000,95.7,5.60,86.0,100.0,0.0,1
cmu7svwb2008jeabh3469gijb,paper_copy,1.000,95.7,16.50,86.0,100.0,0.0,1
cmu7svwfc008leabhpayjwf4a,paper_copy,1.000,95.7,5.30,86.0,100.0,100.0,1
cmu7svwjo008neabhrjmhx0f5,paper_copy,0.650,95.7,5.02,86.0,100.0,0.0,0
cmu7svwri008peabhikuaaxx9,paper_copy,0.600,95.7,6.10,72.0,100.0,0.0,1
cmu7svwvh008reabhwt2fk41q,paper_copy,0.550,95.1,7.40,79.0,100.0,0.0,0
cmu7svwzk008teabh3zlmro8n,paper_copy,0.960,87.4,220.00,93.0,100.0,33.3,1
cmu7svx3w008veabhh4ptzsao,paper_copy,0.960,87.4,10.77,93.0,100.0,33.3,1
cmu7svx7y008xeabhfm8wvx3o,paper_copy,0.960,87.4,51.28,93.0,100.0,33.3,1
cmu7svxcb008zeabhbaooh3qa,paper_copy,0.960,87.4,5.00,93.0,100.0,33.3,1
cmu7svxgo0091eabhfe0yrtx3,paper_copy,0.960,87.4,4.88,93.0,100.0,33.3,1
cmu7svxpd0093eabh4qa2iole,paper_copy,0.570,92.2,0.82,93.0,100.0,33.3,1
cmu7svxtl0095eabho2t85jau,paper_copy,0.550,92.2,26.92,93.0,100.0,33.3,0
cmu7svxxs0097eabhexvyk96e,paper_copy,0.960,87.4,38.95,93.0,100.0,33.3,1
cmu7svy8w0099eabh5o3eiluu,paper_copy,0.750,95.1,34.64,86.0,100.0,100.0,1
cmu7svyju009beabhjqzcvsz5,paper_copy,0.550,95.1,36.56,93.0,100.0,33.3,1
cmu7svyvd009deabhs0gp5z75,paper_copy,0.690,83.0,5.00,93.0,100.0,33.3,0
cmu7svyze009feabh6ajcivp5,paper_copy,0.550,92.2,97.22,93.0,100.0,33.3,0
cmu7svz44009heabhxrickf6n,paper_copy,0.610,95.7,5.02,93.0,100.0,0.0,0
cmu7svz82009jeabhkh3n8inb,paper_copy,0.570,89.2,159.30,93.0,100.0,33.3,0
cmu7svzcl009leabhlwzkgmys,paper_copy,0.580,87.4,2.38,93.0,100.0,33.3,1
cmu7sw0cs009neabhnq17ikdc,paper_copy,0.730,95.7,6.71,93.0,100.0,33.3,0
cmu7sw0mq009peabhw1mmoai9,paper_copy,0.650,95.1,8.53,96.5,100.0,66.7,1
cmu7sw0ws009reabhx6pg9hji,paper_copy,0.680,90.2,99.50,93.0,100.0,33.3,0
cmu7sw177009teabhmznyihgh,paper_copy,0.720,90.2,99.49,93.0,100.0,33.3,0
cmu7sw1be009veabhro9z2so2,paper_copy,0.950,89.2,2166.00,93.0,100.0,33.3,0
cmu7sw1fy009xeabhzaun5y2h,paper_copy,0.950,89.2,7.50,93.0,100.0,33.3,0
cmu7sw1jx009zeabh5ryiwpzs,paper_copy,0.950,89.2,7.50,93.0,100.0,33.3,0
cmu7sw1o300a1eabhyfwoyuuo,paper_copy,0.950,89.2,2419.20,93.0,100.0,33.3,0
cmu7sw1s500a3eabhvoymnoao,paper_copy,0.950,89.2,7.39,93.0,100.0,33.3,0
cmu7sw1xn00a5eabh00l187we,paper_copy,0.950,89.2,240.00,93.0,100.0,33.3,0
cmu7sw21y00a7eabh6lvgrkit,paper_copy,0.950,89.2,22.50,93.0,100.0,33.3,0
cmu7sw25y00a9eabh16sgo7ft,paper_copy,0.950,89.2,300.00,93.0,100.0,33.3,0
cmu7sw2a700abeabhf9hgnuh0,paper_copy,0.950,89.2,210.00,93.0,100.0,33.3,0
cmu7sw2ek00adeabhxjc0ma87,paper_copy,0.950,89.2,17.75,93.0,100.0,33.3,0
cmu7sw2pb00afeabheskga3bq,paper_copy,0.610,94.4,0.81,91.6,100.0,20.0,0
cmu7sw2tc00aheabh7tki4975,paper_copy,0.950,89.2,17.75,93.0,100.0,33.3,0
cmu7sw2xe00ajeabhxnpgr220,paper_copy,0.950,89.2,569.51,93.0,100.0,33.3,0
cmu7sw31d00aleabhvp3xj9km,paper_copy,0.850,89.2,262.13,93.0,100.0,0.0,0
cmu7sw35m00aneabhdoq24d9r,paper_copy,0.850,89.2,2.36,93.0,100.0,0.0,0
cmu7sw3fi00apeabhey96kafs,paper_copy,0.900,83.0,74.36,93.0,100.0,33.3,1
cmu7sw3pt00areabhts0kye0v,paper_copy,0.890,83.0,9.00,93.0,100.0,33.3,0
cmu7sw3u500ateabhjr92f7ab,paper_copy,0.900,83.0,41.30,93.0,100.0,33.3,1
cmu7sw3yc00aveabh56ke6u93,paper_copy,0.710,83.0,1.30,86.0,100.0,100.0,0
cmu7sw43600axeabh0vq97uck,paper_copy,0.710,83.0,5.00,86.0,100.0,100.0,1
cmu7sw4b700azeabheyzdxvvi,paper_copy,0.930,85.1,455.84,93.0,100.0,0.0,1
cmu7sw4kw00b1eabh9f4vltpw,paper_copy,1.000,85.1,20.30,93.0,100.0,33.3,1
cmu7sw4ov00b3eabhc3ho551u,paper_copy,1.000,85.1,23.82,93.0,100.0,33.3,1
cmu7sw4sr00b5eabhf58mu3ze,paper_copy,0.930,85.1,151.69,93.0,100.0,0.0,1
cmu7sw4wv00b7eabh831aplf6,paper_copy,1.000,85.1,2.03,93.0,100.0,33.3,1
cmu7sw57400b9eabh6caaqpmp,paper_copy,1.000,85.1,67.01,93.0,100.0,33.3,1
cmu7sw5c800bbeabhq80m3buw,paper_copy,1.000,85.1,1610.88,93.0,100.0,33.3,1
cmu7sw5gq00bdeabhea6duhp1,paper_copy,1.000,85.1,336.24,93.0,100.0,33.3,1
cmu7sw5kq00bfeabhb6oxstyx,paper_copy,1.000,85.1,66.96,93.0,100.0,33.3,1
cmu7sw5on00bheabhnqlk6hb3,paper_copy,1.000,85.1,736.12,93.0,100.0,33.3,1
cmu7sw5sq00bjeabh6wgylxgs,paper_copy,1.000,85.1,10.15,93.0,100.0,33.3,1
cmu7sw5wm00bleabhsmnswp95,paper_copy,1.000,85.1,31.87,93.0,100.0,33.3,1
cmu7sw60z00bneabhoj40jwv9,paper_copy,1.000,85.1,33.48,93.0,100.0,33.3,1
cmu7sw65700bpeabh0nhrxv2h,paper_copy,1.000,85.1,14.63,93.0,100.0,33.3,1
cmu7sw69i00breabhu1h9mzaw,paper_copy,1.000,85.1,7987.20,93.0,100.0,33.3,1
cmu7sw6di00bteabh876hd0tk,paper_copy,1.000,85.1,186.21,93.0,100.0,33.3,1
cmu7sw6in00bveabhqk0nsfgz,paper_copy,1.000,85.1,0.98,93.0,100.0,33.3,1
cmu7sw6mn00bxeabhriby4xyq,paper_copy,1.000,85.1,61.60,93.0,100.0,33.3,1
cmu7sw6qz00bzeabhhr06xvom,paper_copy,1.000,85.1,5.20,93.0,100.0,33.3,1
cmu7sw6v000c1eabhx47kxf72,paper_copy,1.000,85.1,15.40,93.0,100.0,33.3,1
cmu7sw6za00c3eabhjvzbrly5,paper_copy,1.000,85.1,5204.08,93.0,100.0,33.3,1
cmu7sw73f00c5eabhqvjo0rok,paper_copy,0.560,94.4,1.44,98.6,100.0,0.0,0
cmu7sw77g00c7eabhyi5y6hxy,paper_copy,0.560,94.4,1.44,98.6,100.0,0.0,0
cmu7sw7bo00c9eabhwd3dv1p3,paper_copy,0.560,94.4,1.44,98.6,100.0,0.0,0
cmu7sw7fv00cbeabhzkkk25y7,paper_copy,0.560,94.4,2.05,98.6,100.0,0.0,0
cmu7sw7qe00cdeabh8smpnc05,paper_copy,0.610,95.7,29.25,86.0,100.0,0.0,1
cmu7sw7uc00cfeabhteysn2o9,paper_copy,0.650,85.1,31543.20,93.0,100.0,33.3,1
cmu7sw7ya00cheabhfoqz9o6e,paper_copy,0.710,85.1,9375.60,93.0,100.0,33.3,1
cmu7sw82900cjeabhbeok619h,paper_copy,0.710,85.1,5204.08,93.0,100.0,33.3,1
cmu7sw86y00cleabha3g7nouo,paper_copy,0.650,85.1,47.77,93.0,100.0,33.3,1
cmu7sw8ha00cneabhxpsup8si,paper_copy,0.680,95.7,9.14,72.0,100.0,100.0,1
cmu7sw8p600cpeabh3hol8mpm,paper_copy,0.620,95.7,4.02,86.0,100.0,0.0,0
cmu7sw8za00creabh3dx3wbwu,paper_copy,0.570,95.1,7.79,86.0,100.0,0.0,1
cmu7sw99y00cteabh8zyo3o7i,paper_copy,0.740,95.7,6.02,93.0,100.0,33.3,0
cmu7sw9ig00cveabh0hsjcspg,paper_copy,0.690,95.7,7.20,79.0,100.0,33.3,0
cmu7sw9mg00cxeabh4vonaix2,paper_copy,0.550,94.4,1.20,93.0,100.0,0.0,0
cmu7sw9wk00czeabht27ar76s,paper_copy,0.620,89.2,9.23,86.0,100.0,0.0,0
cmu7swa0w00d1eabh5i5dr4oj,paper_copy,0.620,89.2,2.40,86.0,100.0,0.0,0
cmu7swa4x00d3eabhjcglehi7,paper_copy,1.000,95.1,25.50,93.0,100.0,0.0,0
cmu7swafz00d5eabhmy2fgsti,paper_copy,0.690,95.7,31.17,93.0,87.8,39.7,1
cmu7swar900d7eabhcvp432yw,paper_copy,0.570,95.1,7.20,86.0,100.0,0.0,1
cmu7swb1500d9eabhdgm4iehb,paper_copy,0.600,94.4,11.55,86.0,63.5,100.0,1
cmu7swb5o00dbeabhiqxbnm3y,paper_copy,0.620,95.1,31.93,93.0,68.9,33.3,0
cmu7swb9v00ddeabh6um9lam3,paper_copy,0.550,95.1,4.70,65.0,30.0,33.3,1
cmu7swbdy00dfeabhv9xzw9g0,paper_copy,0.650,94.4,1.00,93.0,100.0,33.3,0
cmu7swbi900dheabh21eyod13,paper_copy,0.710,95.1,6.22,93.0,100.0,33.3,1
cmu7swbr500djeabh9ck2ooqf,paper_copy,0.770,95.1,32.59,86.0,100.0,0.0,1
cmu7swbzk00dleabhu55y8ms5,paper_copy,0.620,95.1,4.70,93.0,100.0,0.0,1
cmu7swc3o00dneabhvrorgtdg,paper_copy,0.770,95.1,8.27,86.0,100.0,0.0,1
cmu7swc7n00dpeabhk7qmkrmw,paper_copy,0.650,94.4,2.80,93.0,100.0,33.3,0
cmu7swcfz00dreabh4h7t56qw,paper_copy,0.590,90.2,99.50,93.0,100.0,33.3,0
cmu7swcpi00dteabhv5z8lli6,paper_copy,0.590,90.2,99.50,93.0,100.0,33.3,1
cmu7swd0200dveabhwkvvzxn8,paper_copy,0.690,90.2,99.49,93.0,100.0,33.3,1
cmu7swd8100dxeabhgmhdb77j,paper_copy,1.000,95.7,2.07,96.5,100.0,85.0,0
cmu7swdi700dzeabhfiu0f1r1,paper_copy,0.670,90.2,5.38,93.0,100.0,50.0,0
cmu7swdsf00e1eabhshcpgb3i,paper_copy,0.670,90.2,99.49,93.0,100.0,50.0,1
cmu7swe1100e3eabhityq738e,paper_copy,0.510,88.6,1025.50,93.0,100.0,0.0,0
cmu7swea600e5eabhx7jagz3j,paper_copy,0.490,88.6,1025.50,93.0,100.0,0.0,1
cmu7sweg900e7eabhqbl34w8r,paper_copy,0.950,89.2,4.35,93.0,100.0,0.0,0
cmu7swesc00e9eabhdkx10vpw,paper_copy,0.380,83.4,77.81,65.0,100.0,0.0,0
cmu7swfac00ebeabh3fwwjtqq,paper_copy,0.610,91.3,19.49,99.3,100.0,95.0,0
cmu7swfl900edeabhje7dvq6d,paper_copy,0.410,91.3,198.41,90.9,100.0,35.0,1
cmu7swij200efeabhxeigbcpl,watchlist,1.000,80.9,3.10,58.0,100.0,100.0,0
cmu7swiu600eheabhttixlu1n,watchlist,0.580,80.9,18.10,86.0,99.1,100.0,0
cmu7swj5900ejeabhnt1mpf4t,watchlist,0.780,80.9,4.25,86.0,76.1,100.0,0
cmu7swjfw00eleabh9d6k08b8,watchlist,0.550,80.9,9.52,86.0,85.6,100.0,0
cmu7swkt100eneabhcbf5g9pu,watchlist,0.540,80.9,8.81,99.3,59.1,78.9,0
cmu7swlxh00epeabhxu2cre4b,watchlist,0.610,80.9,4.60,72.0,40.4,100.0,1
cmu7swmd300ereabhnnjv2ee4,watchlist,0.850,83.7,7.20,86.0,100.0,100.0,1
cmu7swn6v00eteabhfht33mtq,watchlist,0.440,88.5,5.67,72.0,82.5,100.0,0
cmu7swnfa00eveabhaoc6xunr,watchlist,0.640,88.5,5.18,72.0,88.9,100.0,0
cmu7swnpz00exeabhezxbppao,watchlist,0.580,83.7,9.90,79.0,66.0,39.8,0
cmu7swnu700ezeabhn0e4qrpc,watchlist,0.660,88.5,7.50,72.0,100.0,100.0,0